Order_ID,User_ID,Product_ID,Quantity,Price,Order_Date
1662,857,59,3,245,2024-09-10 12:17:01.444021
1354,447,89,9,397,2024-09-09 12:17:01.444021
1540,703,89,5,318,2024-09-08 12:17:01.444021
1616,190,87,6,480,2024-09-07 12:17:01.444021
1745,346,95,3,332,2024-09-06 12:17:01.444021
1184,875,75,3,444,2024-09-05 12:17:01.444021
1623,60,57,7,438,2024-09-04 12:17:01.444021
1079,128,16,9,142,2024-09-03 12:17:01.444021
1684,70,79,3,150,2024-09-02 12:17:01.444021
1319,184,2,9,180,2024-09-01 12:17:01.444021
1464,493,82,6,282,2024-08-31 12:17:01.444021
1257,821,85,8,488,2024-08-30 12:17:01.444021
1556,59,29,1,279,2024-08-29 12:17:01.444021
1991,557,80,8,324,2024-08-28 12:17:01.444021
1515,493,10,6,27,2024-08-27 12:17:01.444021
1753,756,85,8,127,2024-08-26 12:17:01.444021
1842,944,46,3,38,2024-08-25 12:17:01.444021
1818,731,86,7,272,2024-08-24 12:17:01.444021
1076,816,1,8,387,2024-08-23 12:17:01.444021
1476,905,98,7,350,2024-08-22 12:17:01.444021
1322,742,17,1,59,2024-08-21 12:17:01.444021
1170,844,28,9,377,2024-08-20 12:17:01.444021
1827,884,92,1,238,2024-08-19 12:17:01.444021
1265,480,16,1,247,2024-08-18 12:17:01.444021
1268,471,41,3,344,2024-08-17 12:17:01.444021
1267,526,5,8,326,2024-08-16 12:17:01.444021
1620,213,24,1,29,2024-08-15 12:17:01.444021
1203,284,98,2,335,2024-08-14 12:17:01.444021
1306,250,54,6,92,2024-08-13 12:17:01.444021
1483,521,81,4,150,2024-08-12 12:17:01.444021
1030,262,47,9,126,2024-08-11 12:17:01.444021
1505,337,1,9,376,2024-08-10 12:17:01.444021
1371,797,97,3,67,2024-08-09 12:17:01.444021
1952,522,80,9,227,2024-08-08 12:17:01.444021
1575,723,56,7,242,2024-08-07 12:17:01.444021
1058,378,69,5,435,2024-08-06 12:17:01.444021
1456,522,38,3,146,2024-08-05 12:17:01.444021
1160,306,48,5,161,2024-08-04 12:17:01.444021
1896,538,25,7,274,2024-08-03 12:17:01.444021
1079,271,95,9,186,2024-08-02 12:17:01.444021
1127,153,82,2,370,2024-08-01 12:17:01.444021
1352,87,90,4,285,2024-07-31 12:17:01.444021
1763,263,11,4,192,2024-07-30 12:17:01.444021
1242,685,30,6,264,2024-07-29 12:17:01.444021
1411,213,48,7,395,2024-07-28 12:17:01.444021
1588,83,95,8,175,2024-07-27 12:17:01.444021
1067,357,50,9,327,2024-07-26 12:17:01.444021
1406,814,25,3,246,2024-07-25 12:17:01.444021
1481,518,39,3,225,2024-07-24 12:17:01.444021
1154,360,61,1,470,2024-07-23 12:17:01.444021
1539,4,80,4,235,2024-07-22 12:17:01.444021
1945,712,86,9,99,2024-07-21 12:17:01.444021
1609,519,98,9,142,2024-07-20 12:17:01.444021
1771,322,88,5,200,2024-07-19 12:17:01.444021
1680,569,76,7,111,2024-07-18 12:17:01.444021
1946,337,81,1,154,2024-07-17 12:17:01.444021
1045,517,18,2,292,2024-07-16 12:17:01.444021
1334,754,90,8,205,2024-07-15 12:17:01.444021
1231,141,81,5,276,2024-07-14 12:17:01.444021
1850,886,1,3,45,2024-07-13 12:17:01.444021
1219,362,55,7,318,2024-07-12 12:17:01.444021
1514,202,77,1,214,2024-07-11 12:17:01.444021
1084,81,78,5,443,2024-07-10 12:17:01.444021
1314,717,19,4,312,2024-07-09 12:17:01.444021
1521,342,62,1,102,2024-07-08 12:17:01.444021
1501,226,26,9,28,2024-07-07 12:17:01.444021
1851,889,57,6,352,2024-07-06 12:17:01.444021
1909,397,38,3,82,2024-07-05 12:17:01.444021
1373,28,88,5,164,2024-07-04 12:17:01.444021
1280,63,83,7,150,2024-07-03 12:17:01.444021
1066,103,12,5,151,2024-07-02 12:17:01.444021
1205,270,13,2,463,2024-07-01 12:17:01.444021
1442,522,94,2,13,2024-06-30 12:17:01.444021
1579,356,24,5,201,2024-06-29 12:17:01.444021
1834,508,27,6,85,2024-06-28 12:17:01.444021
1862,254,4,8,279,2024-06-27 12:17:01.444021
1338,29,92,1,135,2024-06-26 12:17:01.444021
1193,363,23,1,161,2024-06-25 12:17:01.444021
1715,590,5,1,89,2024-06-24 12:17:01.444021
1048,921,4,1,467,2024-06-23 12:17:01.444021
1654,46,94,5,25,2024-06-22 12:17:01.444021
1532,406,89,9,79,2024-06-21 12:17:01.444021
1417,898,99,5,319,2024-06-20 12:17:01.444021
1230,678,46,3,203,2024-06-19 12:17:01.444021
1318,994,14,4,322,2024-06-18 12:17:01.444021
1096,925,9,2,331,2024-06-17 12:17:01.444021
1224,861,80,9,365,2024-06-16 12:17:01.444021
1618,499,86,5,255,2024-06-15 12:17:01.444021
1646,818,48,3,391,2024-06-14 12:17:01.444021
1412,980,4,8,19,2024-06-13 12:17:01.444021
1401,876,97,6,471,2024-06-12 12:17:01.444021
1266,363,32,1,86,2024-06-11 12:17:01.444021
1183,848,21,5,471,2024-06-10 12:17:01.444021
1063,144,36,5,142,2024-06-09 12:17:01.444021
1563,524,95,6,404,2024-06-08 12:17:01.444021
1140,859,34,1,37,2024-06-07 12:17:01.444021
1932,133,96,3,188,2024-06-06 12:17:01.444021
1653,740,47,1,374,2024-06-05 12:17:01.444021
1235,396,79,9,202,2024-06-04 12:17:01.444021
1293,772,86,3,69,2024-06-03 12:17:01.444021
1290,365,19,4,206,2024-06-02 12:17:01.444021
1248,636,63,8,484,2024-06-01 12:17:01.444021
1676,162,24,7,423,2024-05-31 12:17:01.444021
1916,261,61,9,453,2024-05-30 12:17:01.444021
1465,921,2,2,356,2024-05-29 12:17:01.444021
1860,470,49,4,40,2024-05-28 12:17:01.444021
1206,940,6,7,373,2024-05-27 12:17:01.444021
1119,611,73,3,330,2024-05-26 12:17:01.444021
1613,540,37,6,385,2024-05-25 12:17:01.444021
1421,840,10,3,158,2024-05-24 12:17:01.444021
1060,89,6,7,90,2024-05-23 12:17:01.444021
1600,738,10,3,478,2024-05-22 12:17:01.444021
1418,469,45,3,377,2024-05-21 12:17:01.444021
1285,27,33,8,185,2024-05-20 12:17:01.444021
1228,213,73,9,382,2024-05-19 12:17:01.444021
1463,766,30,7,75,2024-05-18 12:17:01.444021
1398,371,8,6,27,2024-05-17 12:17:01.444021
1117,203,27,5,230,2024-05-16 12:17:01.444021
1265,616,98,9,119,2024-05-15 12:17:01.444021
1167,185,29,9,11,2024-05-14 12:17:01.444021
1497,150,3,4,293,2024-05-13 12:17:01.444021
1907,443,98,7,258,2024-05-12 12:17:01.444021
1005,110,83,4,137,2024-05-11 12:17:01.444021
1421,612,83,1,348,2024-05-10 12:17:01.444021
1199,184,30,9,189,2024-05-09 12:17:01.444021
1709,32,26,6,332,2024-05-08 12:17:01.444021
1704,472,33,4,427,2024-05-07 12:17:01.444021
1635,805,36,6,30,2024-05-06 12:17:01.444021
1242,230,13,2,192,2024-05-05 12:17:01.444021
1816,352,95,7,440,2024-05-04 12:17:01.444021
1360,724,27,8,91,2024-05-03 12:17:01.444021
1032,708,58,9,284,2024-05-02 12:17:01.444021
1534,815,15,5,139,2024-05-01 12:17:01.444021
1336,100,96,5,456,2024-04-30 12:17:01.444021
1156,360,1,7,493,2024-04-29 12:17:01.444021
1461,964,26,4,497,2024-04-28 12:17:01.444021
1693,185,43,4,178,2024-04-27 12:17:01.444021
1659,86,68,9,451,2024-04-26 12:17:01.444021
1348,503,65,6,394,2024-04-25 12:17:01.444021
1234,206,51,6,334,2024-04-24 12:17:01.444021
1449,386,52,3,39,2024-04-23 12:17:01.444021
1787,643,51,2,439,2024-04-22 12:17:01.444021
1071,210,82,1,261,2024-04-21 12:17:01.444021
1400,72,47,7,472,2024-04-20 12:17:01.444021
1874,494,63,4,104,2024-04-19 12:17:01.444021
1507,581,49,3,23,2024-04-18 12:17:01.444021
1687,57,47,2,320,2024-04-17 12:17:01.444021
1675,261,34,6,486,2024-04-16 12:17:01.444021
1871,261,10,1,446,2024-04-15 12:17:01.444021
1911,851,27,2,432,2024-04-14 12:17:01.444021
1281,106,39,6,471,2024-04-13 12:17:01.444021
1037,856,53,8,332,2024-04-12 12:17:01.444021
1362,505,66,8,232,2024-04-11 12:17:01.444021
1259,247,12,9,252,2024-04-10 12:17:01.444021
1317,983,96,9,103,2024-04-09 12:17:01.444021
1313,640,11,5,36,2024-04-08 12:17:01.444021
1736,311,21,9,469,2024-04-07 12:17:01.444021
1394,435,61,5,473,2024-04-06 12:17:01.444021
1931,956,62,7,229,2024-04-05 12:17:01.444021
1789,156,97,9,337,2024-04-04 12:17:01.444021
1210,971,24,5,264,2024-04-03 12:17:01.444021
1390,623,1,2,118,2024-04-02 12:17:01.444021
1825,140,10,1,428,2024-04-01 12:17:01.444021
1111,26,8,9,204,2024-03-31 12:17:01.444021
1570,318,98,6,457,2024-03-30 12:17:01.444021
1204,310,41,1,205,2024-03-29 12:17:01.444021
1301,561,31,6,176,2024-03-28 12:17:01.444021
1901,259,25,6,332,2024-03-27 12:17:01.444021
1196,680,53,5,480,2024-03-26 12:17:01.444021
1798,67,84,6,89,2024-03-25 12:17:01.444021
1159,144,72,2,226,2024-03-24 12:17:01.444021
1296,390,91,5,444,2024-03-23 12:17:01.444021
1802,978,55,4,213,2024-03-22 12:17:01.444021
1528,827,16,2,20,2024-03-21 12:17:01.444021
1059,124,75,8,200,2024-03-20 12:17:01.444021
1918,204,80,9,162,2024-03-19 12:17:01.444021
1921,70,4,6,489,2024-03-18 12:17:01.444021
1563,392,54,6,315,2024-03-17 12:17:01.444021
1288,265,26,7,419,2024-03-16 12:17:01.444021
1423,488,3,2,208,2024-03-15 12:17:01.444021
1948,286,62,3,310,2024-03-14 12:17:01.444021
1966,999,48,6,460,2024-03-13 12:17:01.444021
1427,986,8,5,455,2024-03-12 12:17:01.444021
1256,455,16,7,245,2024-03-11 12:17:01.444021
1521,85,2,5,301,2024-03-10 12:17:01.444021
1279,882,1,1,19,2024-03-09 12:17:01.444021
1029,818,18,6,266,2024-03-08 12:17:01.444021
1332,807,52,6,360,2024-03-07 12:17:01.444021
1156,726,98,4,83,2024-03-06 12:17:01.444021
1233,438,10,7,175,2024-03-05 12:17:01.444021
1050,787,14,7,67,2024-03-04 12:17:01.444021
1171,53,92,8,298,2024-03-03 12:17:01.444021
1365,388,64,6,61,2024-03-02 12:17:01.444021
1546,32,92,4,104,2024-03-01 12:17:01.444021
1571,455,5,6,445,2024-02-29 12:17:01.444021
1425,533,97,6,220,2024-02-28 12:17:01.444021
1058,737,38,2,43,2024-02-27 12:17:01.444021
1079,978,82,1,441,2024-02-26 12:17:01.444021
1821,321,43,9,454,2024-02-25 12:17:01.444021
1517,292,17,5,301,2024-02-24 12:17:01.444021
1999,375,2,2,462,2024-02-23 12:17:01.444021
1850,880,36,2,474,2024-02-22 12:17:01.444021
1274,156,25,4,325,2024-02-21 12:17:01.444021
1046,66,89,1,230,2024-02-20 12:17:01.444021
1770,23,79,1,203,2024-02-19 12:17:01.444021
1519,697,95,9,301,2024-02-18 12:17:01.444021
1840,83,32,8,468,2024-02-17 12:17:01.444021
1479,16,74,7,399,2024-02-16 12:17:01.444021
1438,479,62,2,336,2024-02-15 12:17:01.444021
1543,901,63,3,27,2024-02-14 12:17:01.444021
1302,430,38,1,437,2024-02-13 12:17:01.444021
1164,616,41,3,221,2024-02-12 12:17:01.444021
1937,699,72,1,245,2024-02-11 12:17:01.444021
1992,373,10,5,283,2024-02-10 12:17:01.444021
1725,848,2,6,268,2024-02-09 12:17:01.444021
1331,945,38,3,355,2024-02-08 12:17:01.444021
1239,410,29,1,105,2024-02-07 12:17:01.444021
1102,833,13,1,140,2024-02-06 12:17:01.444021
1194,590,13,6,259,2024-02-05 12:17:01.444021
1125,842,17,3,55,2024-02-04 12:17:01.444021
1712,671,12,3,403,2024-02-03 12:17:01.444021
1144,990,28,4,11,2024-02-02 12:17:01.444021
1854,767,52,4,340,2024-02-01 12:17:01.444021
1573,401,75,3,431,2024-01-31 12:17:01.444021
1890,536,79,7,428,2024-01-30 12:17:01.444021
1719,166,30,2,91,2024-01-29 12:17:01.444021
1607,274,6,4,150,2024-01-28 12:17:01.444021
1705,427,38,5,185,2024-01-27 12:17:01.444021
1083,251,25,9,315,2024-01-26 12:17:01.444021
1274,409,19,7,257,2024-01-25 12:17:01.444021
1711,213,49,2,159,2024-01-24 12:17:01.444021
1661,955,45,4,131,2024-01-23 12:17:01.444021
1380,558,64,4,237,2024-01-22 12:17:01.444021
1589,854,64,6,481,2024-01-21 12:17:01.444021
1085,321,9,8,186,2024-01-20 12:17:01.444021
1880,994,38,8,483,2024-01-19 12:17:01.444021
1635,790,61,6,440,2024-01-18 12:17:01.444021
1156,423,75,6,348,2024-01-17 12:17:01.444021
1714,63,38,3,132,2024-01-16 12:17:01.444021
1736,417,71,8,484,2024-01-15 12:17:01.444021
1496,543,52,5,24,2024-01-14 12:17:01.444021
1594,742,12,7,24,2024-01-13 12:17:01.444021
1240,830,79,2,12,2024-01-12 12:17:01.444021
1307,931,99,7,396,2024-01-11 12:17:01.444021
1051,780,60,4,158,2024-01-10 12:17:01.444021
1384,92,45,4,434,2024-01-09 12:17:01.444021
1168,67,61,2,221,2024-01-08 12:17:01.444021
1144,740,61,9,484,2024-01-07 12:17:01.444021
1181,849,35,4,479,2024-01-06 12:17:01.444021
1990,307,74,7,284,2024-01-05 12:17:01.444021
1231,506,95,2,358,2024-01-04 12:17:01.444021
1847,124,30,1,472,2024-01-03 12:17:01.444021
1072,983,84,4,438,2024-01-02 12:17:01.444021
1634,428,67,1,327,2024-01-01 12:17:01.444021
1205,688,45,7,474,2023-12-31 12:17:01.444021
1445,467,87,7,46,2023-12-30 12:17:01.444021
1284,404,31,6,251,2023-12-29 12:17:01.444021
1123,454,29,6,160,2023-12-28 12:17:01.444021
1991,691,68,7,356,2023-12-27 12:17:01.444021
1368,960,52,4,115,2023-12-26 12:17:01.444021
1430,348,51,5,273,2023-12-25 12:17:01.444021
1590,770,62,7,226,2023-12-24 12:17:01.444021
1124,794,78,7,442,2023-12-23 12:17:01.444021
1128,124,54,6,437,2023-12-22 12:17:01.444021
1794,225,60,2,220,2023-12-21 12:17:01.444021
1617,242,69,8,200,2023-12-20 12:17:01.444021
1026,322,17,9,296,2023-12-19 12:17:01.444021
1519,920,94,6,408,2023-12-18 12:17:01.444021
1238,868,31,5,80,2023-12-17 12:17:01.444021
1852,594,75,6,63,2023-12-16 12:17:01.444021
1832,623,45,8,392,2023-12-15 12:17:01.444021
1513,279,95,5,255,2023-12-14 12:17:01.444021
1545,388,34,4,252,2023-12-13 12:17:01.444021
1317,889,78,9,142,2023-12-12 12:17:01.444021
1654,193,46,3,426,2023-12-11 12:17:01.444021
1491,277,26,1,58,2023-12-10 12:17:01.444021
1898,879,19,5,441,2023-12-09 12:17:01.444021
1525,150,65,6,403,2023-12-08 12:17:01.444021
1577,16,47,6,344,2023-12-07 12:17:01.444021
1594,5,77,2,226,2023-12-06 12:17:01.444021
1335,265,75,4,256,2023-12-05 12:17:01.444021
1448,405,85,6,157,2023-12-04 12:17:01.444021
1453,608,19,5,335,2023-12-03 12:17:01.444021
1183,667,26,2,173,2023-12-02 12:17:01.444021
1381,391,71,8,462,2023-12-01 12:17:01.444021
1561,262,36,1,320,2023-11-30 12:17:01.444021
1886,480,51,3,38,2023-11-29 12:17:01.444021
1837,359,58,7,50,2023-11-28 12:17:01.444021
1342,397,69,7,141,2023-11-27 12:17:01.444021
1970,904,90,7,483,2023-11-26 12:17:01.444021
1072,895,93,1,303,2023-11-25 12:17:01.444021
1051,665,60,5,441,2023-11-24 12:17:01.444021
1655,182,24,3,208,2023-11-23 12:17:01.444021
1279,526,45,4,421,2023-11-22 12:17:01.444021
1651,703,85,7,406,2023-11-21 12:17:01.444021
1935,675,40,2,16,2023-11-20 12:17:01.444021
1236,102,72,2,288,2023-11-19 12:17:01.444021
1334,864,14,3,277,2023-11-18 12:17:01.444021
1088,81,7,7,372,2023-11-17 12:17:01.444021
1129,399,92,6,210,2023-11-16 12:17:01.444021
1962,370,11,4,396,2023-11-15 12:17:01.444021
1752,57,87,2,196,2023-11-14 12:17:01.444021
1761,186,3,6,270,2023-11-13 12:17:01.444021
1526,842,20,6,95,2023-11-12 12:17:01.444021
1134,151,22,6,452,2023-11-11 12:17:01.444021
1774,20,59,4,30,2023-11-10 12:17:01.444021
1809,705,98,2,40,2023-11-09 12:17:01.444021
1185,74,14,7,415,2023-11-08 12:17:01.444021
1234,698,56,5,434,2023-11-07 12:17:01.444021
1602,564,61,5,45,2023-11-06 12:17:01.444021
1696,613,14,1,343,2023-11-05 12:17:01.444021
1896,96,16,6,308,2023-11-04 12:17:01.444021
1762,976,30,7,125,2023-11-03 12:17:01.444021
1316,256,21,2,154,2023-11-02 12:17:01.444021
1160,851,58,1,126,2023-11-01 12:17:01.444021
1051,770,7,1,201,2023-10-31 12:17:01.444021
1345,636,9,9,442,2023-10-30 12:17:01.444021
1580,676,68,8,318,2023-10-29 12:17:01.444021
1461,106,61,5,376,2023-10-28 12:17:01.444021
1223,138,66,7,320,2023-10-27 12:17:01.444021
1996,870,53,7,90,2023-10-26 12:17:01.444021
1820,610,92,3,320,2023-10-25 12:17:01.444021
1046,219,45,2,199,2023-10-24 12:17:01.444021
1535,807,54,8,324,2023-10-23 12:17:01.444021
1845,68,30,1,136,2023-10-22 12:17:01.444021
1356,211,85,5,97,2023-10-21 12:17:01.444021
1843,643,80,6,89,2023-10-20 12:17:01.444021
1214,917,10,8,214,2023-10-19 12:17:01.444021
1477,411,80,9,417,2023-10-18 12:17:01.444021
1629,583,82,1,315,2023-10-17 12:17:01.444021
1270,576,29,7,16,2023-10-16 12:17:01.444021
1676,936,62,4,179,2023-10-15 12:17:01.444021
1763,997,18,7,336,2023-10-14 12:17:01.444021
1119,80,31,2,294,2023-10-13 12:17:01.444021
1957,544,71,7,401,2023-10-12 12:17:01.444021
1096,849,35,7,401,2023-10-11 12:17:01.444021
1616,490,3,1,196,2023-10-10 12:17:01.444021
1152,216,21,5,373,2023-10-09 12:17:01.444021
1081,188,85,8,299,2023-10-08 12:17:01.444021
1496,600,89,4,307,2023-10-07 12:17:01.444021
1009,959,89,6,103,2023-10-06 12:17:01.444021
1261,923,84,1,366,2023-10-05 12:17:01.444021
1376,836,82,3,122,2023-10-04 12:17:01.444021
1095,324,36,8,232,2023-10-03 12:17:01.444021
1414,475,3,9,404,2023-10-02 12:17:01.444021
1403,187,51,4,289,2023-10-01 12:17:01.444021
1512,599,17,5,53,2023-09-30 12:17:01.444021
1204,475,58,2,243,2023-09-29 12:17:01.444021
1163,417,68,7,187,2023-09-28 12:17:01.444021
1148,596,72,5,72,2023-09-27 12:17:01.444021
1290,786,32,6,175,2023-09-26 12:17:01.444021
1314,305,14,7,162,2023-09-25 12:17:01.444021
1049,967,94,6,144,2023-09-24 12:17:01.444021
1477,486,8,2,332,2023-09-23 12:17:01.444021
1214,102,50,1,65,2023-09-22 12:17:01.444021
1292,752,69,7,172,2023-09-21 12:17:01.444021
1956,958,39,3,294,2023-09-20 12:17:01.444021
1431,815,92,5,474,2023-09-19 12:17:01.444021
1688,745,15,8,316,2023-09-18 12:17:01.444021
1056,856,58,7,282,2023-09-17 12:17:01.444021
1130,573,85,7,359,2023-09-16 12:17:01.444021
1162,165,44,9,100,2023-09-15 12:17:01.444021
1269,227,2,3,176,2023-09-14 12:17:01.444021
1767,42,22,4,300,2023-09-13 12:17:01.444021
1007,200,40,5,22,2023-09-12 12:17:01.444021
1193,52,37,9,196,2023-09-11 12:17:01.444021
1634,924,75,2,194,2023-09-10 12:17:01.444021
1709,686,36,9,226,2023-09-09 12:17:01.444021
1113,363,75,2,72,2023-09-08 12:17:01.444021
1734,462,42,7,27,2023-09-07 12:17:01.444021
1139,482,47,2,97,2023-09-06 12:17:01.444021
1405,787,77,9,308,2023-09-05 12:17:01.444021
1157,169,51,6,332,2023-09-04 12:17:01.444021
1039,233,25,2,381,2023-09-03 12:17:01.444021
1402,939,60,5,165,2023-09-02 12:17:01.444021
1768,356,96,3,495,2023-09-01 12:17:01.444021
1480,941,66,6,104,2023-08-31 12:17:01.444021
1766,573,84,9,499,2023-08-30 12:17:01.444021
1446,163,71,6,351,2023-08-29 12:17:01.444021
1676,122,90,4,399,2023-08-28 12:17:01.444021
1004,131,80,9,351,2023-08-27 12:17:01.444021
1930,677,82,5,289,2023-08-26 12:17:01.444021
1350,838,3,1,282,2023-08-25 12:17:01.444021
1976,890,90,1,369,2023-08-24 12:17:01.444021
1875,275,58,4,368,2023-08-23 12:17:01.444021
1951,507,62,1,279,2023-08-22 12:17:01.444021
1052,809,58,9,145,2023-08-21 12:17:01.444021
1701,413,18,9,289,2023-08-20 12:17:01.444021
1167,428,72,9,214,2023-08-19 12:17:01.444021
1368,643,62,2,462,2023-08-18 12:17:01.444021
1184,681,6,4,368,2023-08-17 12:17:01.444021
1681,978,55,4,265,2023-08-16 12:17:01.444021
1651,507,51,1,75,2023-08-15 12:17:01.444021
1205,370,81,9,194,2023-08-14 12:17:01.444021
1655,496,91,4,322,2023-08-13 12:17:01.444021
1139,12,96,7,406,2023-08-12 12:17:01.444021
1124,960,95,5,216,2023-08-11 12:17:01.444021
1486,140,84,5,79,2023-08-10 12:17:01.444021
1766,790,71,1,292,2023-08-09 12:17:01.444021
1765,688,73,7,134,2023-08-08 12:17:01.444021
1712,349,31,3,141,2023-08-07 12:17:01.444021
1877,972,16,7,261,2023-08-06 12:17:01.444021
1649,305,15,7,87,2023-08-05 12:17:01.444021
1629,859,96,1,165,2023-08-04 12:17:01.444021
1905,126,31,2,495,2023-08-03 12:17:01.444021
1410,43,53,4,291,2023-08-02 12:17:01.444021
1793,384,2,3,460,2023-08-01 12:17:01.444021
1664,378,28,5,110,2023-07-31 12:17:01.444021
1946,432,37,5,429,2023-07-30 12:17:01.444021
1074,241,63,5,301,2023-07-29 12:17:01.444021
1555,347,80,3,444,2023-07-28 12:17:01.444021
1545,302,91,9,289,2023-07-27 12:17:01.444021
1620,897,28,8,194,2023-07-26 12:17:01.444021
1942,375,13,9,334,2023-07-25 12:17:01.444021
1011,876,21,2,71,2023-07-24 12:17:01.444021
1665,767,53,1,100,2023-07-23 12:17:01.444021
1175,90,29,9,250,2023-07-22 12:17:01.444021
1457,115,1,7,325,2023-07-21 12:17:01.444021
1862,685,24,3,168,2023-07-20 12:17:01.444021
1238,444,87,2,243,2023-07-19 12:17:01.444021
1218,5,77,4,89,2023-07-18 12:17:01.444021
1622,139,15,1,433,2023-07-17 12:17:01.444021
1747,422,21,1,422,2023-07-16 12:17:01.444021
1016,475,32,7,378,2023-07-15 12:17:01.444021
1570,84,61,9,106,2023-07-14 12:17:01.444021
1317,716,8,3,268,2023-07-13 12:17:01.444021
1914,715,80,9,488,2023-07-12 12:17:01.444021
1153,578,98,4,167,2023-07-11 12:17:01.444021
1976,751,56,4,197,2023-07-10 12:17:01.444021
1965,203,47,4,24,2023-07-09 12:17:01.444021
1791,246,42,8,391,2023-07-08 12:17:01.444021
1328,368,81,8,364,2023-07-07 12:17:01.444021
1380,299,24,7,479,2023-07-06 12:17:01.444021
1426,394,42,8,316,2023-07-05 12:17:01.444021
1443,472,12,5,431,2023-07-04 12:17:01.444021
1774,257,70,7,280,2023-07-03 12:17:01.444021
1085,856,64,9,441,2023-07-02 12:17:01.444021
1936,208,7,4,155,2023-07-01 12:17:01.444021
1151,580,73,6,318,2023-06-30 12:17:01.444021
1556,113,66,1,431,2023-06-29 12:17:01.444021
1818,280,98,6,478,2023-06-28 12:17:01.444021
1722,460,27,1,489,2023-06-27 12:17:01.444021
1407,846,96,7,349,2023-06-26 12:17:01.444021
1226,325,10,9,26,2023-06-25 12:17:01.444021
1522,874,83,7,112,2023-06-24 12:17:01.444021
1534,845,78,3,291,2023-06-23 12:17:01.444021
1009,68,50,8,249,2023-06-22 12:17:01.444021
1567,38,83,5,310,2023-06-21 12:17:01.444021
1902,341,70,9,418,2023-06-20 12:17:01.444021
1221,723,38,6,218,2023-06-19 12:17:01.444021
1914,185,46,9,62,2023-06-18 12:17:01.444021
1359,478,34,8,95,2023-06-17 12:17:01.444021
1277,932,94,7,376,2023-06-16 12:17:01.444021
1871,562,75,5,66,2023-06-15 12:17:01.444021
1211,633,77,2,418,2023-06-14 12:17:01.444021
1341,17,12,1,407,2023-06-13 12:17:01.444021
1417,711,8,4,490,2023-06-12 12:17:01.444021
1985,232,78,4,422,2023-06-11 12:17:01.444021
1818,890,70,5,343,2023-06-10 12:17:01.444021
1296,809,74,5,18,2023-06-09 12:17:01.444021
1606,184,45,6,143,2023-06-08 12:17:01.444021
1036,303,4,3,419,2023-06-07 12:17:01.444021
1534,343,51,8,464,2023-06-06 12:17:01.444021
1747,770,2,9,207,2023-06-05 12:17:01.444021
1257,722,64,4,119,2023-06-04 12:17:01.444021
1081,201,20,4,168,2023-06-03 12:17:01.444021
1834,764,87,9,102,2023-06-02 12:17:01.444021
1088,213,35,8,346,2023-06-01 12:17:01.444021
1056,805,25,7,115,2023-05-31 12:17:01.444021
1298,681,84,1,22,2023-05-30 12:17:01.444021
1889,976,41,4,254,2023-05-29 12:17:01.444021
1857,992,15,1,375,2023-05-28 12:17:01.444021
1045,808,38,4,75,2023-05-27 12:17:01.444021
1101,455,46,8,366,2023-05-26 12:17:01.444021
1738,389,37,3,206,2023-05-25 12:17:01.444021
1044,598,79,2,241,2023-05-24 12:17:01.444021
1828,270,68,1,360,2023-05-23 12:17:01.444021
1337,820,51,5,340,2023-05-22 12:17:01.444021
1420,230,51,7,155,2023-05-21 12:17:01.444021
1837,371,73,3,417,2023-05-20 12:17:01.444021
1521,15,76,3,438,2023-05-19 12:17:01.444021
1265,382,11,9,12,2023-05-18 12:17:01.444021
1386,96,36,8,329,2023-05-17 12:17:01.444021
1906,170,3,5,90,2023-05-16 12:17:01.444021
1322,339,22,8,155,2023-05-15 12:17:01.444021
1191,44,36,7,37,2023-05-14 12:17:01.444021
1122,982,89,6,398,2023-05-13 12:17:01.444021
1947,336,76,6,141,2023-05-12 12:17:01.444021
1297,748,75,9,108,2023-05-11 12:17:01.444021
1428,31,23,8,198,2023-05-10 12:17:01.444021
1701,723,53,6,456,2023-05-09 12:17:01.444021
1970,211,54,7,412,2023-05-08 12:17:01.444021
1520,557,91,7,418,2023-05-07 12:17:01.444021
1679,157,32,8,34,2023-05-06 12:17:01.444021
1228,818,1,4,49,2023-05-05 12:17:01.444021
1823,994,57,9,353,2023-05-04 12:17:01.444021
1954,157,23,9,103,2023-05-03 12:17:01.444021
1702,973,65,1,426,2023-05-02 12:17:01.444021
1145,327,26,2,53,2023-05-01 12:17:01.444021
1494,946,76,8,266,2023-04-30 12:17:01.444021
1707,275,21,9,474,2023-04-29 12:17:01.444021
1591,315,1,7,145,2023-04-28 12:17:01.444021
1049,134,78,1,176,2023-04-27 12:17:01.444021
1160,317,91,6,89,2023-04-26 12:17:01.444021
1201,37,3,3,138,2023-04-25 12:17:01.444021
1972,657,67,5,428,2023-04-24 12:17:01.444021
1429,128,62,3,459,2023-04-23 12:17:01.444021
1362,2,29,5,272,2023-04-22 12:17:01.444021
1246,415,4,5,216,2023-04-21 12:17:01.444021
1181,901,54,3,272,2023-04-20 12:17:01.444021
1856,614,90,3,470,2023-04-19 12:17:01.444021
1807,432,9,1,278,2023-04-18 12:17:01.444021
1289,737,48,2,385,2023-04-17 12:17:01.444021
1729,419,68,1,60,2023-04-16 12:17:01.444021
1293,256,27,1,61,2023-04-15 12:17:01.444021
1372,297,11,8,143,2023-04-14 12:17:01.444021
1954,313,94,1,195,2023-04-13 12:17:01.444021
1303,892,82,5,356,2023-04-12 12:17:01.444021
1129,650,55,1,238,2023-04-11 12:17:01.444021
1560,701,79,3,387,2023-04-10 12:17:01.444021
1955,155,53,4,393,2023-04-09 12:17:01.444021
1571,780,54,4,34,2023-04-08 12:17:01.444021
1471,52,11,9,321,2023-04-07 12:17:01.444021
1509,854,73,5,93,2023-04-06 12:17:01.444021
1908,321,81,9,338,2023-04-05 12:17:01.444021
1438,314,75,1,443,2023-04-04 12:17:01.444021
1383,613,50,8,58,2023-04-03 12:17:01.444021
1777,836,4,7,88,2023-04-02 12:17:01.444021
1098,388,2,7,472,2023-04-01 12:17:01.444021
1038,583,56,8,353,2023-03-31 12:17:01.444021
1292,363,87,4,20,2023-03-30 12:17:01.444021
1843,440,68,4,139,2023-03-29 12:17:01.444021
1405,901,5,5,206,2023-03-28 12:17:01.444021
1158,450,71,4,83,2023-03-27 12:17:01.444021
1948,814,48,3,393,2023-03-26 12:17:01.444021
1970,411,17,2,304,2023-03-25 12:17:01.444021
1489,841,54,7,232,2023-03-24 12:17:01.444021
1337,179,61,6,354,2023-03-23 12:17:01.444021
1700,927,21,5,455,2023-03-22 12:17:01.444021
1163,738,25,5,457,2023-03-21 12:17:01.444021
1592,207,93,1,365,2023-03-20 12:17:01.444021
1093,988,49,3,323,2023-03-19 12:17:01.444021
1763,804,93,5,51,2023-03-18 12:17:01.444021
1384,47,52,8,87,2023-03-17 12:17:01.444021
1740,207,88,1,230,2023-03-16 12:17:01.444021
1338,767,74,9,183,2023-03-15 12:17:01.444021
1292,29,60,9,63,2023-03-14 12:17:01.444021
1659,794,21,7,266,2023-03-13 12:17:01.444021
1195,159,10,2,410,2023-03-12 12:17:01.444021
1680,92,51,9,13,2023-03-11 12:17:01.444021
1571,844,71,5,239,2023-03-10 12:17:01.444021
1804,209,39,9,260,2023-03-09 12:17:01.444021
1537,965,28,4,74,2023-03-08 12:17:01.444021
1275,246,32,1,108,2023-03-07 12:17:01.444021
1140,398,72,9,33,2023-03-06 12:17:01.444021
1102,98,99,5,493,2023-03-05 12:17:01.444021
1710,293,75,6,56,2023-03-04 12:17:01.444021
1369,995,87,1,304,2023-03-03 12:17:01.444021
1259,441,27,8,354,2023-03-02 12:17:01.444021
1460,892,91,5,114,2023-03-01 12:17:01.444021
1302,929,86,3,449,2023-02-28 12:17:01.444021
1345,912,96,7,394,2023-02-27 12:17:01.444021
1881,614,69,8,450,2023-02-26 12:17:01.444021
1093,103,40,8,126,2023-02-25 12:17:01.444021
1161,427,65,4,335,2023-02-24 12:17:01.444021
1625,58,8,2,395,2023-02-23 12:17:01.444021
1815,471,89,3,90,2023-02-22 12:17:01.444021
1872,737,49,4,277,2023-02-21 12:17:01.444021
1886,244,79,9,193,2023-02-20 12:17:01.444021
1697,188,84,8,269,2023-02-19 12:17:01.444021
1120,645,96,2,349,2023-02-18 12:17:01.444021
1491,292,59,3,273,2023-02-17 12:17:01.444021
1740,936,93,6,457,2023-02-16 12:17:01.444021
1297,991,72,3,476,2023-02-15 12:17:01.444021
1620,818,59,2,148,2023-02-14 12:17:01.444021
1018,558,25,2,22,2023-02-13 12:17:01.444021
1142,265,60,7,28,2023-02-12 12:17:01.444021
1515,790,49,1,162,2023-02-11 12:17:01.444021
1879,670,73,2,187,2023-02-10 12:17:01.444021
1511,698,41,5,288,2023-02-09 12:17:01.444021
1292,576,45,1,124,2023-02-08 12:17:01.444021
1228,923,37,4,169,2023-02-07 12:17:01.444021
1523,587,63,3,217,2023-02-06 12:17:01.444021
1624,712,45,9,92,2023-02-05 12:17:01.444021
1014,536,47,6,119,2023-02-04 12:17:01.444021
1942,704,66,2,345,2023-02-03 12:17:01.444021
1899,480,4,1,366,2023-02-02 12:17:01.444021
1596,723,68,1,250,2023-02-01 12:17:01.444021
1382,218,27,3,426,2023-01-31 12:17:01.444021
1864,440,8,6,382,2023-01-30 12:17:01.444021
1756,60,49,3,422,2023-01-29 12:17:01.444021
1111,579,17,2,91,2023-01-28 12:17:01.444021
1686,103,29,9,262,2023-01-27 12:17:01.444021
1671,580,92,1,221,2023-01-26 12:17:01.444021
1019,832,88,6,94,2023-01-25 12:17:01.444021
1190,219,38,5,495,2023-01-24 12:17:01.444021
1342,236,83,7,167,2023-01-23 12:17:01.444021
1321,408,76,6,30,2023-01-22 12:17:01.444021
1057,674,66,7,112,2023-01-21 12:17:01.444021
1883,11,67,8,299,2023-01-20 12:17:01.444021
1173,600,97,4,297,2023-01-19 12:17:01.444021
1417,205,23,7,144,2023-01-18 12:17:01.444021
1149,178,13,1,317,2023-01-17 12:17:01.444021
1980,834,89,2,466,2023-01-16 12:17:01.444021
1930,886,40,2,57,2023-01-15 12:17:01.444021
1032,625,86,3,377,2023-01-14 12:17:01.444021
1819,924,91,6,379,2023-01-13 12:17:01.444021
1266,224,3,2,189,2023-01-12 12:17:01.444021
1413,240,39,1,23,2023-01-11 12:17:01.444021
1597,515,59,1,268,2023-01-10 12:17:01.444021
1827,989,1,1,132,2023-01-09 12:17:01.444021
1395,693,67,5,242,2023-01-08 12:17:01.444021
1263,682,85,5,354,2023-01-07 12:17:01.444021
1071,692,11,1,89,2023-01-06 12:17:01.444021
1322,196,13,6,334,2023-01-05 12:17:01.444021
1750,24,64,2,378,2023-01-04 12:17:01.444021
1280,529,97,5,294,2023-01-03 12:17:01.444021
1687,424,42,8,51,2023-01-02 12:17:01.444021
1962,509,85,7,123,2023-01-01 12:17:01.444021
1711,859,98,5,152,2022-12-31 12:17:01.444021
1973,800,15,1,370,2022-12-30 12:17:01.444021
1040,144,92,2,339,2022-12-29 12:17:01.444021
1792,817,92,8,78,2022-12-28 12:17:01.444021
1053,998,45,3,51,2022-12-27 12:17:01.444021
1719,394,54,4,331,2022-12-26 12:17:01.444021
1986,978,33,6,385,2022-12-25 12:17:01.444021
1361,686,32,1,22,2022-12-24 12:17:01.444021
1304,786,99,7,278,2022-12-23 12:17:01.444021
1861,60,17,5,46,2022-12-22 12:17:01.444021
1067,423,86,7,187,2022-12-21 12:17:01.444021
1712,211,43,6,248,2022-12-20 12:17:01.444021
1947,881,85,1,174,2022-12-19 12:17:01.444021
1552,215,1,4,76,2022-12-18 12:17:01.444021
1780,108,97,4,23,2022-12-17 12:17:01.444021
1043,351,1,1,259,2022-12-16 12:17:01.444021
1031,156,49,4,197,2022-12-15 12:17:01.444021
1993,272,15,7,171,2022-12-14 12:17:01.444021
1129,196,64,6,453,2022-12-13 12:17:01.444021
1366,482,30,7,95,2022-12-12 12:17:01.444021
1343,176,22,6,63,2022-12-11 12:17:01.444021
1868,437,92,8,54,2022-12-10 12:17:01.444021
1696,987,82,8,203,2022-12-09 12:17:01.444021
1139,738,55,6,463,2022-12-08 12:17:01.444021
1500,985,54,5,204,2022-12-07 12:17:01.444021
1117,901,99,7,395,2022-12-06 12:17:01.444021
1663,6,16,8,273,2022-12-05 12:17:01.444021
1873,598,74,1,196,2022-12-04 12:17:01.444021
1877,689,8,5,62,2022-12-03 12:17:01.444021
1938,648,85,6,129,2022-12-02 12:17:01.444021
1456,501,91,8,451,2022-12-01 12:17:01.444021
1143,673,93,1,276,2022-11-30 12:17:01.444021
1705,737,62,6,452,2022-11-29 12:17:01.444021
1622,375,16,6,332,2022-11-28 12:17:01.444021
1795,651,55,4,468,2022-11-27 12:17:01.444021
1735,796,61,7,94,2022-11-26 12:17:01.444021
1310,7,57,7,415,2022-11-25 12:17:01.444021
1190,29,39,1,330,2022-11-24 12:17:01.444021
1126,291,14,4,61,2022-11-23 12:17:01.444021
1232,794,33,5,142,2022-11-22 12:17:01.444021
1743,950,81,2,463,2022-11-21 12:17:01.444021
1324,339,1,6,376,2022-11-20 12:17:01.444021
1083,709,7,8,133,2022-11-19 12:17:01.444021
1136,916,97,2,93,2022-11-18 12:17:01.444021
1823,606,33,2,306,2022-11-17 12:17:01.444021
1872,155,76,4,21,2022-11-16 12:17:01.444021
1651,498,85,9,351,2022-11-15 12:17:01.444021
1568,127,7,8,457,2022-11-14 12:17:01.444021
1720,10,86,9,24,2022-11-13 12:17:01.444021
1381,335,11,9,288,2022-11-12 12:17:01.444021
1966,910,69,2,221,2022-11-11 12:17:01.444021
1253,653,64,3,261,2022-11-10 12:17:01.444021
1198,737,83,1,115,2022-11-09 12:17:01.444021
1066,516,14,2,308,2022-11-08 12:17:01.444021
1110,577,99,3,452,2022-11-07 12:17:01.444021
1953,239,59,2,260,2022-11-06 12:17:01.444021
1299,753,41,2,28,2022-11-05 12:17:01.444021
1553,352,99,4,205,2022-11-04 12:17:01.444021
1096,846,61,7,30,2022-11-03 12:17:01.444021
1536,1,10,8,445,2022-11-02 12:17:01.444021
1427,982,66,1,134,2022-11-01 12:17:01.444021
1870,415,77,6,363,2022-10-31 12:17:01.444021
1585,506,74,2,322,2022-10-30 12:17:01.444021
1615,587,87,7,337,2022-10-29 12:17:01.444021
1963,999,81,3,246,2022-10-28 12:17:01.444021
1174,293,53,7,442,2022-10-27 12:17:01.444021
1888,846,6,4,246,2022-10-26 12:17:01.444021
1814,524,70,5,324,2022-10-25 12:17:01.444021
1303,324,12,9,307,2022-10-24 12:17:01.444021
1097,495,8,5,26,2022-10-23 12:17:01.444021
1411,226,74,3,156,2022-10-22 12:17:01.444021
1493,936,79,2,186,2022-10-21 12:17:01.444021
1399,41,82,8,216,2022-10-20 12:17:01.444021
1431,508,98,2,210,2022-10-19 12:17:01.444021
1864,521,9,1,468,2022-10-18 12:17:01.444021
1389,382,54,6,483,2022-10-17 12:17:01.444021
1956,941,12,3,29,2022-10-16 12:17:01.444021
1552,652,9,6,365,2022-10-15 12:17:01.444021
1545,495,27,5,255,2022-10-14 12:17:01.444021
1007,12,36,1,38,2022-10-13 12:17:01.444021
1849,950,88,8,381,2022-10-12 12:17:01.444021
1074,158,37,6,450,2022-10-11 12:17:01.444021
1041,181,38,3,80,2022-10-10 12:17:01.444021
1169,93,74,2,260,2022-10-09 12:17:01.444021
1960,431,26,5,139,2022-10-08 12:17:01.444021
1925,301,86,2,126,2022-10-07 12:17:01.444021
1156,670,81,7,408,2022-10-06 12:17:01.444021
1287,960,74,8,263,2022-10-05 12:17:01.444021
1702,227,31,2,209,2022-10-04 12:17:01.444021
1121,549,94,3,438,2022-10-03 12:17:01.444021
1273,343,75,5,179,2022-10-02 12:17:01.444021
1382,179,12,8,398,2022-10-01 12:17:01.444021
1143,921,35,8,466,2022-09-30 12:17:01.444021
1722,339,98,8,97,2022-09-29 12:17:01.444021
1510,461,19,1,249,2022-09-28 12:17:01.444021
1508,413,6,7,36,2022-09-27 12:17:01.444021
1126,803,77,1,450,2022-09-26 12:17:01.444021
1552,772,32,4,327,2022-09-25 12:17:01.444021
1445,302,49,8,41,2022-09-24 12:17:01.444021
1241,148,87,7,314,2022-09-23 12:17:01.444021
1934,934,19,8,467,2022-09-22 12:17:01.444021
1232,742,15,4,289,2022-09-21 12:17:01.444021
1377,978,79,4,295,2022-09-20 12:17:01.444021
1515,795,61,4,89,2022-09-19 12:17:01.444021
1020,229,12,2,375,2022-09-18 12:17:01.444021
1622,508,7,5,93,2022-09-17 12:17:01.444021
1004,894,82,8,37,2022-09-16 12:17:01.444021
1790,962,81,7,364,2022-09-15 12:17:01.444021
1440,946,90,4,358,2022-09-14 12:17:01.444021
1683,443,97,1,154,2022-09-13 12:17:01.444021
1133,314,61,7,455,2022-09-12 12:17:01.444021
1773,223,76,5,389,2022-09-11 12:17:01.444021
1665,643,65,9,108,2022-09-10 12:17:01.444021
1009,773,68,6,73,2022-09-09 12:17:01.444021
1904,210,46,6,113,2022-09-08 12:17:01.444021
1087,390,90,7,134,2022-09-07 12:17:01.444021
1433,775,91,8,363,2022-09-06 12:17:01.444021
1474,987,85,5,140,2022-09-05 12:17:01.444021
1899,512,93,5,223,2022-09-04 12:17:01.444021
1470,650,92,9,383,2022-09-03 12:17:01.444021
1462,25,95,2,369,2022-09-02 12:17:01.444021
1929,404,18,1,312,2022-09-01 12:17:01.444021
1599,347,98,3,289,2022-08-31 12:17:01.444021
1801,930,63,6,19,2022-08-30 12:17:01.444021
1091,723,54,8,427,2022-08-29 12:17:01.444021
1339,664,68,2,235,2022-08-28 12:17:01.444021
1354,644,70,6,197,2022-08-27 12:17:01.444021
1019,718,31,3,377,2022-08-26 12:17:01.444021
1884,56,75,6,418,2022-08-25 12:17:01.444021
1531,171,67,8,262,2022-08-24 12:17:01.444021
1516,4,97,2,174,2022-08-23 12:17:01.444021
1331,81,30,2,129,2022-08-22 12:17:01.444021
1635,152,70,4,409,2022-08-21 12:17:01.444021
1259,601,9,8,182,2022-08-20 12:17:01.444021
1923,935,5,2,187,2022-08-19 12:17:01.444021
1630,367,8,5,26,2022-08-18 12:17:01.444021
1406,336,30,4,462,2022-08-17 12:17:01.444021
1717,648,84,9,117,2022-08-16 12:17:01.444021
1311,708,4,3,199,2022-08-15 12:17:01.444021
1625,927,34,2,236,2022-08-14 12:17:01.444021
1352,933,26,4,177,2022-08-13 12:17:01.444021
1687,769,47,9,248,2022-08-12 12:17:01.444021
1413,558,27,2,429,2022-08-11 12:17:01.444021
1348,188,55,2,168,2022-08-10 12:17:01.444021
1706,970,32,8,452,2022-08-09 12:17:01.444021
1775,86,2,4,199,2022-08-08 12:17:01.444021
1967,978,13,6,88,2022-08-07 12:17:01.444021
1697,918,4,4,158,2022-08-06 12:17:01.444021
1046,240,49,2,404,2022-08-05 12:17:01.444021
1372,866,71,9,413,2022-08-04 12:17:01.444021
1106,84,60,4,24,2022-08-03 12:17:01.444021
1255,680,83,8,259,2022-08-02 12:17:01.444021
1897,659,26,8,257,2022-08-01 12:17:01.444021
1659,233,62,1,465,2022-07-31 12:17:01.444021
1772,650,39,3,296,2022-07-30 12:17:01.444021
1999,535,33,8,337,2022-07-29 12:17:01.444021
1294,208,58,5,60,2022-07-28 12:17:01.444021
1178,322,11,6,31,2022-07-27 12:17:01.444021
1953,288,58,6,262,2022-07-26 12:17:01.444021
1623,772,26,7,496,2022-07-25 12:17:01.444021
1595,130,37,7,137,2022-07-24 12:17:01.444021
1118,109,7,9,367,2022-07-23 12:17:01.444021
1291,863,30,4,116,2022-07-22 12:17:01.444021
1973,502,27,3,418,2022-07-21 12:17:01.444021
1688,938,97,8,297,2022-07-20 12:17:01.444021
1854,738,87,2,162,2022-07-19 12:17:01.444021
1581,760,44,3,454,2022-07-18 12:17:01.444021
1299,697,61,8,33,2022-07-17 12:17:01.444021
1075,468,87,2,266,2022-07-16 12:17:01.444021
1549,849,67,6,72,2022-07-15 12:17:01.444021
1154,102,1,3,44,2022-07-14 12:17:01.444021
1152,72,13,7,200,2022-07-13 12:17:01.444021
1094,64,25,6,361,2022-07-12 12:17:01.444021
1416,319,56,3,13,2022-07-11 12:17:01.444021
1449,397,94,7,496,2022-07-10 12:17:01.444021
1302,299,82,9,252,2022-07-09 12:17:01.444021
1245,397,2,2,485,2022-07-08 12:17:01.444021
1616,589,89,6,231,2022-07-07 12:17:01.444021
1016,770,98,3,452,2022-07-06 12:17:01.444021
1992,651,57,1,464,2022-07-05 12:17:01.444021
1777,573,16,2,130,2022-07-04 12:17:01.444021
1397,712,70,3,495,2022-07-03 12:17:01.444021
1246,21,34,8,272,2022-07-02 12:17:01.444021
1619,166,41,7,133,2022-07-01 12:17:01.444021
1809,941,72,4,239,2022-06-30 12:17:01.444021
1039,37,67,5,223,2022-06-29 12:17:01.444021
1524,415,29,5,114,2022-06-28 12:17:01.444021
1209,952,58,5,224,2022-06-27 12:17:01.444021
1649,418,28,3,110,2022-06-26 12:17:01.444021
1551,354,20,9,451,2022-06-25 12:17:01.444021
1814,572,29,6,284,2022-06-24 12:17:01.444021
1775,204,56,1,383,2022-06-23 12:17:01.444021
1996,52,66,3,216,2022-06-22 12:17:01.444021
1350,629,6,8,36,2022-06-21 12:17:01.444021
1377,212,57,5,92,2022-06-20 12:17:01.444021
1981,971,76,1,474,2022-06-19 12:17:01.444021
1135,220,16,2,183,2022-06-18 12:17:01.444021
1170,554,6,2,167,2022-06-17 12:17:01.444021
1845,854,68,1,244,2022-06-16 12:17:01.444021
1105,733,32,6,159,2022-06-15 12:17:01.444021
1578,411,51,5,267,2022-06-14 12:17:01.444021
1195,584,43,4,162,2022-06-13 12:17:01.444021
1218,262,21,9,177,2022-06-12 12:17:01.444021
1820,35,88,3,364,2022-06-11 12:17:01.444021
1073,868,54,8,405,2022-06-10 12:17:01.444021
1632,576,74,1,57,2022-06-09 12:17:01.444021
1296,273,49,2,429,2022-06-08 12:17:01.444021
1961,502,48,5,461,2022-06-07 12:17:01.444021
1977,582,83,6,335,2022-06-06 12:17:01.444021
1178,774,61,5,251,2022-06-05 12:17:01.444021
1283,268,96,9,84,2022-06-04 12:17:01.444021
1904,634,64,3,462,2022-06-03 12:17:01.444021
1202,731,73,1,116,2022-06-02 12:17:01.444021
1217,887,11,9,202,2022-06-01 12:17:01.444021
1537,245,99,3,458,2022-05-31 12:17:01.444021
1157,442,82,7,447,2022-05-30 12:17:01.444021
1634,804,50,1,165,2022-05-29 12:17:01.444021
1704,74,49,6,474,2022-05-28 12:17:01.444021
1419,639,95,2,163,2022-05-27 12:17:01.444021
1740,786,18,2,272,2022-05-26 12:17:01.444021
1609,245,61,6,242,2022-05-25 12:17:01.444021
1607,940,96,6,19,2022-05-24 12:17:01.444021
1403,354,4,7,389,2022-05-23 12:17:01.444021
1024,136,62,9,174,2022-05-22 12:17:01.444021
1745,84,20,8,228,2022-05-21 12:17:01.444021
1602,143,22,9,54,2022-05-20 12:17:01.444021
1413,26,13,5,257,2022-05-19 12:17:01.444021
1092,20,65,2,394,2022-05-18 12:17:01.444021
1642,634,88,1,199,2022-05-17 12:17:01.444021
1036,654,61,2,361,2022-05-16 12:17:01.444021
1505,383,92,8,100,2022-05-15 12:17:01.444021
1614,815,56,1,492,2022-05-14 12:17:01.444021
1952,248,22,4,58,2022-05-13 12:17:01.444021
1775,413,15,5,375,2022-05-12 12:17:01.444021
1546,76,28,6,289,2022-05-11 12:17:01.444021
1916,292,14,6,469,2022-05-10 12:17:01.444021
1838,862,62,1,16,2022-05-09 12:17:01.444021
1550,502,60,2,45,2022-05-08 12:17:01.444021
1746,637,56,3,363,2022-05-07 12:17:01.444021
1456,73,30,9,33,2022-05-06 12:17:01.444021
1365,386,94,6,479,2022-05-05 12:17:01.444021
1562,327,54,5,128,2022-05-04 12:17:01.444021
1976,776,78,6,362,2022-05-03 12:17:01.444021
1311,386,98,5,141,2022-05-02 12:17:01.444021
1502,836,8,8,104,2022-05-01 12:17:01.444021
1983,740,6,7,456,2022-04-30 12:17:01.444021
1394,662,30,6,108,2022-04-29 12:17:01.444021
1431,230,63,4,294,2022-04-28 12:17:01.444021
1228,486,85,6,15,2022-04-27 12:17:01.444021
1380,80,65,2,308,2022-04-26 12:17:01.444021
1586,692,26,5,145,2022-04-25 12:17:01.444021
1581,270,35,2,190,2022-04-24 12:17:01.444021
1141,44,38,7,182,2022-04-23 12:17:01.444021
1418,389,17,6,419,2022-04-22 12:17:01.444021
1531,939,70,9,255,2022-04-21 12:17:01.444021
1139,957,5,7,291,2022-04-20 12:17:01.444021
1453,531,46,4,15,2022-04-19 12:17:01.444021
1967,80,2,3,477,2022-04-18 12:17:01.444021
1620,943,29,2,148,2022-04-17 12:17:01.444021
1352,761,87,6,388,2022-04-16 12:17:01.444021
1272,233,33,7,153,2022-04-15 12:17:01.444021
1184,265,86,4,314,2022-04-14 12:17:01.444021
1635,702,68,2,343,2022-04-13 12:17:01.444021
1773,590,39,9,295,2022-04-12 12:17:01.444021
1758,880,38,5,436,2022-04-11 12:17:01.444021
1806,68,85,3,182,2022-04-10 12:17:01.444021
1107,311,70,6,333,2022-04-09 12:17:01.444021
1272,346,64,3,87,2022-04-08 12:17:01.444021
1854,78,7,8,112,2022-04-07 12:17:01.444021
1502,587,33,9,213,2022-04-06 12:17:01.444021
1290,910,32,7,353,2022-04-05 12:17:01.444021
1586,165,65,7,313,2022-04-04 12:17:01.444021
1553,800,5,6,409,2022-04-03 12:17:01.444021
1480,144,40,1,298,2022-04-02 12:17:01.444021
1127,509,38,2,234,2022-04-01 12:17:01.444021
1401,805,48,2,292,2022-03-31 12:17:01.444021
1153,736,70,9,133,2022-03-30 12:17:01.444021
1764,185,23,1,320,2022-03-29 12:17:01.444021
1012,300,68,1,350,2022-03-28 12:17:01.444021
1708,221,61,7,154,2022-03-27 12:17:01.444021
1032,758,66,5,482,2022-03-26 12:17:01.444021
1775,467,36,8,326,2022-03-25 12:17:01.444021
1357,25,84,9,249,2022-03-24 12:17:01.444021
1841,608,74,5,294,2022-03-23 12:17:01.444021
1022,313,49,2,110,2022-03-22 12:17:01.444021
1869,275,26,5,328,2022-03-21 12:17:01.444021
1158,654,56,3,97,2022-03-20 12:17:01.444021
1483,363,85,1,384,2022-03-19 12:17:01.444021
1673,229,84,6,338,2022-03-18 12:17:01.444021
1771,494,63,9,275,2022-03-17 12:17:01.444021
1346,662,94,4,49,2022-03-16 12:17:01.444021
1211,106,1,2,108,2022-03-15 12:17:01.444021
1637,650,24,7,128,2022-03-14 12:17:01.444021
1144,573,40,8,205,2022-03-13 12:17:01.444021
1726,88,12,4,372,2022-03-12 12:17:01.444021
1138,282,58,1,100,2022-03-11 12:17:01.444021
1946,213,13,8,254,2022-03-10 12:17:01.444021
1022,144,53,5,197,2022-03-09 12:17:01.444021
1060,526,96,3,348,2022-03-08 12:17:01.444021
1979,808,77,6,425,2022-03-07 12:17:01.444021
1928,134,29,2,173,2022-03-06 12:17:01.444021
1224,202,29,1,57,2022-03-05 12:17:01.444021
1074,262,8,1,90,2022-03-04 12:17:01.444021
1707,549,69,2,78,2022-03-03 12:17:01.444021
1281,488,44,5,85,2022-03-02 12:17:01.444021
1507,173,87,5,24,2022-03-01 12:17:01.444021
1442,964,21,8,428,2022-02-28 12:17:01.444021
1188,532,57,9,396,2022-02-27 12:17:01.444021
1248,297,40,2,397,2022-02-26 12:17:01.444021
1472,265,13,9,348,2022-02-25 12:17:01.444021
1073,334,59,2,442,2022-02-24 12:17:01.444021
1016,535,55,3,351,2022-02-23 12:17:01.444021
1071,76,97,8,190,2022-02-22 12:17:01.444021
1468,74,99,7,346,2022-02-21 12:17:01.444021
1306,34,50,4,195,2022-02-20 12:17:01.444021
1424,759,21,7,199,2022-02-19 12:17:01.444021
1924,931,16,8,67,2022-02-18 12:17:01.444021
1624,648,34,9,48,2022-02-17 12:17:01.444021
1746,873,30,6,303,2022-02-16 12:17:01.444021
1550,901,91,4,234,2022-02-15 12:17:01.444021
1460,22,95,9,441,2022-02-14 12:17:01.444021
1421,363,49,5,115,2022-02-13 12:17:01.444021
1800,675,95,1,469,2022-02-12 12:17:01.444021
1601,508,43,1,335,2022-02-11 12:17:01.444021
1598,99,71,1,202,2022-02-10 12:17:01.444021
1575,290,7,5,87,2022-02-09 12:17:01.444021
1893,181,10,5,391,2022-02-08 12:17:01.444021
1557,146,28,2,402,2022-02-07 12:17:01.444021
1780,295,30,5,183,2022-02-06 12:17:01.444021
1582,908,22,7,99,2022-02-05 12:17:01.444021
1537,827,55,4,422,2022-02-04 12:17:01.444021
1943,885,56,3,114,2022-02-03 12:17:01.444021
1652,280,2,1,222,2022-02-02 12:17:01.444021
1475,63,79,8,111,2022-02-01 12:17:01.444021
1095,290,64,9,488,2022-01-31 12:17:01.444021
1716,204,51,7,68,2022-01-30 12:17:01.444021
1617,308,91,8,138,2022-01-29 12:17:01.444021
1874,651,22,1,75,2022-01-28 12:17:01.444021
1202,133,65,4,153,2022-01-27 12:17:01.444021
1281,698,7,7,68,2022-01-26 12:17:01.444021
1017,884,39,7,376,2022-01-25 12:17:01.444021
1913,155,36,8,136,2022-01-24 12:17:01.444021
1752,968,85,7,373,2022-01-23 12:17:01.444021
1804,900,71,9,241,2022-01-22 12:17:01.444021
1196,872,96,8,176,2022-01-21 12:17:01.444021
1955,345,28,9,442,2022-01-20 12:17:01.444021
1113,33,68,3,287,2022-01-19 12:17:01.444021
1346,426,97,9,432,2022-01-18 12:17:01.444021
1354,79,18,3,329,2022-01-17 12:17:01.444021
1811,313,83,2,187,2022-01-16 12:17:01.444021
1543,371,90,4,278,2022-01-15 12:17:01.444021
1701,976,79,1,215,2022-01-14 12:17:01.444021
1859,780,77,2,424,2022-01-13 12:17:01.444021
1080,267,62,1,29,2022-01-12 12:17:01.444021
1834,548,76,8,437,2022-01-11 12:17:01.444021
1162,944,11,9,84,2022-01-10 12:17:01.444021
1066,230,16,7,118,2022-01-09 12:17:01.444021
1182,732,27,4,390,2022-01-08 12:17:01.444021
1246,203,18,8,106,2022-01-07 12:17:01.444021
1861,967,3,1,390,2022-01-06 12:17:01.444021
1596,989,76,2,480,2022-01-05 12:17:01.444021
1164,848,79,4,18,2022-01-04 12:17:01.444021
1549,576,99,7,95,2022-01-03 12:17:01.444021
1908,632,57,6,407,2022-01-02 12:17:01.444021
1686,74,59,1,62,2022-01-01 12:17:01.444021
1342,889,42,6,385,2021-12-31 12:17:01.444021
1473,888,98,8,164,2021-12-30 12:17:01.444021
1270,481,95,7,161,2021-12-29 12:17:01.444021
1541,993,82,1,160,2021-12-28 12:17:01.444021
1365,295,33,5,367,2021-12-27 12:17:01.444021
1803,51,73,2,146,2021-12-26 12:17:01.444021
1734,180,86,3,49,2021-12-25 12:17:01.444021
1876,675,2,9,485,2021-12-24 12:17:01.444021
1613,539,68,2,491,2021-12-23 12:17:01.444021
1209,151,14,7,20,2021-12-22 12:17:01.444021
1762,857,97,9,148,2021-12-21 12:17:01.444021
1004,775,9,4,125,2021-12-20 12:17:01.444021
1513,5,44,3,89,2021-12-19 12:17:01.444021
1738,899,11,3,495,2021-12-18 12:17:01.444021
1803,23,85,5,191,2021-12-17 12:17:01.444021
1103,486,80,5,44,2021-12-16 12:17:01.444021
