User_ID,Post_ID,Reaction_Type,Timestamp
783,1563,Comment,2024-09-10 12:17:01.444021
661,1564,Share,2024-09-10 12:16:01.444021
929,1514,Share,2024-09-10 12:15:01.444021
95,1551,Comment,2024-09-10 12:14:01.444021
963,1811,Comment,2024-09-10 12:13:01.444021
765,1089,Like,2024-09-10 12:12:01.444021
277,1919,Comment,2024-09-10 12:11:01.444021
231,1241,Like,2024-09-10 12:10:01.444021
677,1677,Comment,2024-09-10 12:09:01.444021
694,1418,Like,2024-09-10 12:08:01.444021
395,1203,Share,2024-09-10 12:07:01.444021
601,1022,Comment,2024-09-10 12:06:01.444021
649,1366,Comment,2024-09-10 12:05:01.444021
808,1858,Share,2024-09-10 12:04:01.444021
143,1826,Like,2024-09-10 12:03:01.444021
925,1596,Comment,2024-09-10 12:02:01.444021
744,1504,Share,2024-09-10 12:01:01.444021
532,1430,Share,2024-09-10 12:00:01.444021
535,1836,Share,2024-09-10 11:59:01.444021
903,1503,Like,2024-09-10 11:58:01.444021
503,1438,Comment,2024-09-10 11:57:01.444021
416,1892,Comment,2024-09-10 11:56:01.444021
147,1974,Share,2024-09-10 11:55:01.444021
21,1548,Like,2024-09-10 11:54:01.444021
783,1191,Share,2024-09-10 11:53:01.444021
706,1286,Share,2024-09-10 11:52:01.444021
276,1051,Comment,2024-09-10 11:51:01.444021
806,1624,Comment,2024-09-10 11:50:01.444021
773,1728,Like,2024-09-10 11:49:01.444021
157,1696,Like,2024-09-10 11:48:01.444021
684,1476,Share,2024-09-10 11:47:01.444021
796,1518,Like,2024-09-10 11:46:01.444021
755,1964,Comment,2024-09-10 11:45:01.444021
641,1095,Share,2024-09-10 11:44:01.444021
647,1977,Like,2024-09-10 11:43:01.444021
955,1897,Comment,2024-09-10 11:42:01.444021
808,1952,Share,2024-09-10 11:41:01.444021
254,1294,Like,2024-09-10 11:40:01.444021
553,1304,Share,2024-09-10 11:39:01.444021
430,1496,Share,2024-09-10 11:38:01.444021
63,1637,Share,2024-09-10 11:37:01.444021
936,1872,Share,2024-09-10 11:36:01.444021
645,1607,Share,2024-09-10 11:35:01.444021
924,1618,Share,2024-09-10 11:34:01.444021
11,1205,Comment,2024-09-10 11:33:01.444021
317,1611,Comment,2024-09-10 11:32:01.444021
810,1592,Like,2024-09-10 11:31:01.444021
214,1165,Like,2024-09-10 11:30:01.444021
717,1446,Share,2024-09-10 11:29:01.444021
730,1925,Like,2024-09-10 11:28:01.444021
645,1380,Comment,2024-09-10 11:27:01.444021
286,1383,Comment,2024-09-10 11:26:01.444021
312,1015,Share,2024-09-10 11:25:01.444021
76,1792,Like,2024-09-10 11:24:01.444021
803,1912,Like,2024-09-10 11:23:01.444021
305,1880,Share,2024-09-10 11:22:01.444021
220,1159,Like,2024-09-10 11:21:01.444021
433,1670,Comment,2024-09-10 11:20:01.444021
805,1920,Comment,2024-09-10 11:19:01.444021
212,1907,Like,2024-09-10 11:18:01.444021
834,1178,Comment,2024-09-10 11:17:01.444021
255,1184,Comment,2024-09-10 11:16:01.444021
249,1817,Share,2024-09-10 11:15:01.444021
904,1215,Share,2024-09-10 11:14:01.444021
519,1248,Comment,2024-09-10 11:13:01.444021
354,1420,Share,2024-09-10 11:12:01.444021
911,1374,Comment,2024-09-10 11:11:01.444021
703,1965,Comment,2024-09-10 11:10:01.444021
300,1402,Share,2024-09-10 11:09:01.444021
743,1071,Comment,2024-09-10 11:08:01.444021
301,1807,Share,2024-09-10 11:07:01.444021
108,1602,Share,2024-09-10 11:06:01.444021
152,1233,Share,2024-09-10 11:05:01.444021
605,1056,Comment,2024-09-10 11:04:01.444021
811,1307,Share,2024-09-10 11:03:01.444021
878,1188,Comment,2024-09-10 11:02:01.444021
481,1439,Share,2024-09-10 11:01:01.444021
534,1235,Share,2024-09-10 11:00:01.444021
784,1710,Comment,2024-09-10 10:59:01.444021
139,1636,Like,2024-09-10 10:58:01.444021
700,1057,Comment,2024-09-10 10:57:01.444021
54,1930,Like,2024-09-10 10:56:01.444021
849,1247,Share,2024-09-10 10:55:01.444021
661,1280,Like,2024-09-10 10:54:01.444021
706,1195,Share,2024-09-10 10:53:01.444021
630,1509,Share,2024-09-10 10:52:01.444021
280,1051,Like,2024-09-10 10:51:01.444021
775,1734,Share,2024-09-10 10:50:01.444021
855,1304,Like,2024-09-10 10:49:01.444021
578,1317,Comment,2024-09-10 10:48:01.444021
981,1203,Comment,2024-09-10 10:47:01.444021
405,1478,Comment,2024-09-10 10:46:01.444021
917,1024,Like,2024-09-10 10:45:01.444021
948,1389,Comment,2024-09-10 10:44:01.444021
235,1776,Like,2024-09-10 10:43:01.444021
924,1020,Like,2024-09-10 10:42:01.444021
900,1138,Comment,2024-09-10 10:41:01.444021
206,1909,Share,2024-09-10 10:40:01.444021
845,1462,Share,2024-09-10 10:39:01.444021
346,1046,Share,2024-09-10 10:38:01.444021
152,1251,Comment,2024-09-10 10:37:01.444021
461,1871,Comment,2024-09-10 10:36:01.444021
973,1971,Like,2024-09-10 10:35:01.444021
908,1875,Share,2024-09-10 10:34:01.444021
914,1194,Comment,2024-09-10 10:33:01.444021
148,1602,Like,2024-09-10 10:32:01.444021
732,1634,Like,2024-09-10 10:31:01.444021
735,1258,Comment,2024-09-10 10:30:01.444021
419,1311,Like,2024-09-10 10:29:01.444021
96,1310,Like,2024-09-10 10:28:01.444021
960,1705,Comment,2024-09-10 10:27:01.444021
68,1094,Like,2024-09-10 10:26:01.444021
893,1296,Share,2024-09-10 10:25:01.444021
1,1897,Like,2024-09-10 10:24:01.444021
562,1432,Comment,2024-09-10 10:23:01.444021
111,1570,Like,2024-09-10 10:22:01.444021
923,1615,Share,2024-09-10 10:21:01.444021
231,1481,Like,2024-09-10 10:20:01.444021
804,1968,Share,2024-09-10 10:19:01.444021
820,1236,Like,2024-09-10 10:18:01.444021
829,1760,Like,2024-09-10 10:17:01.444021
510,1281,Like,2024-09-10 10:16:01.444021
786,1874,Like,2024-09-10 10:15:01.444021
441,1980,Like,2024-09-10 10:14:01.444021
382,1558,Comment,2024-09-10 10:13:01.444021
154,1494,Like,2024-09-10 10:12:01.444021
91,1817,Like,2024-09-10 10:11:01.444021
384,1814,Like,2024-09-10 10:10:01.444021
804,1308,Share,2024-09-10 10:09:01.444021
580,1453,Comment,2024-09-10 10:08:01.444021
849,1218,Like,2024-09-10 10:07:01.444021
162,1708,Share,2024-09-10 10:06:01.444021
555,1579,Share,2024-09-10 10:05:01.444021
367,1143,Share,2024-09-10 10:04:01.444021
247,1865,Like,2024-09-10 10:03:01.444021
45,1549,Share,2024-09-10 10:02:01.444021
463,1579,Like,2024-09-10 10:01:01.444021
490,1502,Comment,2024-09-10 10:00:01.444021
735,1542,Like,2024-09-10 09:59:01.444021
255,1763,Like,2024-09-10 09:58:01.444021
210,1288,Like,2024-09-10 09:57:01.444021
789,1085,Comment,2024-09-10 09:56:01.444021
50,1641,Share,2024-09-10 09:55:01.444021
102,1397,Like,2024-09-10 09:54:01.444021
239,1320,Share,2024-09-10 09:53:01.444021
209,1653,Like,2024-09-10 09:52:01.444021
433,1404,Like,2024-09-10 09:51:01.444021
547,1029,Like,2024-09-10 09:50:01.444021
88,1947,Like,2024-09-10 09:49:01.444021
820,1629,Comment,2024-09-10 09:48:01.444021
747,1038,Share,2024-09-10 09:47:01.444021
78,1308,Comment,2024-09-10 09:46:01.444021
109,1616,Like,2024-09-10 09:45:01.444021
448,1007,Like,2024-09-10 09:44:01.444021
544,1116,Comment,2024-09-10 09:43:01.444021
454,1550,Comment,2024-09-10 09:42:01.444021
733,1853,Share,2024-09-10 09:41:01.444021
594,1574,Like,2024-09-10 09:40:01.444021
912,1462,Like,2024-09-10 09:39:01.444021
673,1685,Like,2024-09-10 09:38:01.444021
212,1035,Comment,2024-09-10 09:37:01.444021
328,1909,Share,2024-09-10 09:36:01.444021
820,1135,Share,2024-09-10 09:35:01.444021
114,1619,Like,2024-09-10 09:34:01.444021
503,1078,Comment,2024-09-10 09:33:01.444021
533,1596,Share,2024-09-10 09:32:01.444021
703,1859,Comment,2024-09-10 09:31:01.444021
794,1845,Share,2024-09-10 09:30:01.444021
600,1570,Comment,2024-09-10 09:29:01.444021
674,1312,Share,2024-09-10 09:28:01.444021
885,1169,Comment,2024-09-10 09:27:01.444021
703,1213,Share,2024-09-10 09:26:01.444021
369,1210,Comment,2024-09-10 09:25:01.444021
166,1118,Comment,2024-09-10 09:24:01.444021
515,1878,Comment,2024-09-10 09:23:01.444021
185,1243,Like,2024-09-10 09:22:01.444021
865,1995,Like,2024-09-10 09:21:01.444021
969,1261,Comment,2024-09-10 09:20:01.444021
158,1241,Like,2024-09-10 09:19:01.444021
98,1460,Comment,2024-09-10 09:18:01.444021
378,1474,Comment,2024-09-10 09:17:01.444021
470,1548,Share,2024-09-10 09:16:01.444021
517,1543,Comment,2024-09-10 09:15:01.444021
330,1212,Like,2024-09-10 09:14:01.444021
620,1639,Share,2024-09-10 09:13:01.444021
771,1682,Like,2024-09-10 09:12:01.444021
248,1900,Comment,2024-09-10 09:11:01.444021
750,1522,Share,2024-09-10 09:10:01.444021
522,1170,Like,2024-09-10 09:09:01.444021
307,1971,Share,2024-09-10 09:08:01.444021
994,1331,Comment,2024-09-10 09:07:01.444021
406,1106,Share,2024-09-10 09:06:01.444021
121,1453,Like,2024-09-10 09:05:01.444021
242,1894,Comment,2024-09-10 09:04:01.444021
631,1012,Like,2024-09-10 09:03:01.444021
562,1703,Like,2024-09-10 09:02:01.444021
500,1408,Share,2024-09-10 09:01:01.444021
353,1699,Like,2024-09-10 09:00:01.444021
777,1388,Share,2024-09-10 08:59:01.444021
234,1789,Comment,2024-09-10 08:58:01.444021
838,1324,Comment,2024-09-10 08:57:01.444021
765,1519,Comment,2024-09-10 08:56:01.444021
558,1904,Like,2024-09-10 08:55:01.444021
732,1554,Like,2024-09-10 08:54:01.444021
805,1415,Like,2024-09-10 08:53:01.444021
698,1851,Comment,2024-09-10 08:52:01.444021
531,1553,Share,2024-09-10 08:51:01.444021
188,1952,Like,2024-09-10 08:50:01.444021
990,1055,Like,2024-09-10 08:49:01.444021
228,1455,Comment,2024-09-10 08:48:01.444021
382,1437,Share,2024-09-10 08:47:01.444021
350,1031,Comment,2024-09-10 08:46:01.444021
759,1179,Comment,2024-09-10 08:45:01.444021
159,1548,Comment,2024-09-10 08:44:01.444021
997,1542,Comment,2024-09-10 08:43:01.444021
704,1309,Comment,2024-09-10 08:42:01.444021
226,1501,Like,2024-09-10 08:41:01.444021
706,1591,Like,2024-09-10 08:40:01.444021
754,1230,Like,2024-09-10 08:39:01.444021
224,1037,Comment,2024-09-10 08:38:01.444021
175,1355,Comment,2024-09-10 08:37:01.444021
385,1420,Comment,2024-09-10 08:36:01.444021
515,1869,Like,2024-09-10 08:35:01.444021
755,1815,Share,2024-09-10 08:34:01.444021
451,1715,Comment,2024-09-10 08:33:01.444021
788,1597,Like,2024-09-10 08:32:01.444021
314,1303,Like,2024-09-10 08:31:01.444021
14,1662,Share,2024-09-10 08:30:01.444021
197,1650,Comment,2024-09-10 08:29:01.444021
215,1444,Share,2024-09-10 08:28:01.444021
862,1605,Comment,2024-09-10 08:27:01.444021
40,1653,Share,2024-09-10 08:26:01.444021
500,1551,Like,2024-09-10 08:25:01.444021
779,1427,Comment,2024-09-10 08:24:01.444021
698,1808,Comment,2024-09-10 08:23:01.444021
840,1088,Share,2024-09-10 08:22:01.444021
712,1316,Share,2024-09-10 08:21:01.444021
401,1982,Share,2024-09-10 08:20:01.444021
647,1461,Comment,2024-09-10 08:19:01.444021
558,1457,Comment,2024-09-10 08:18:01.444021
831,1957,Like,2024-09-10 08:17:01.444021
440,1546,Comment,2024-09-10 08:16:01.444021
507,1880,Comment,2024-09-10 08:15:01.444021
241,1221,Share,2024-09-10 08:14:01.444021
936,1150,Comment,2024-09-10 08:13:01.444021
852,1635,Share,2024-09-10 08:12:01.444021
408,1028,Share,2024-09-10 08:11:01.444021
673,1083,Share,2024-09-10 08:10:01.444021
208,1424,Like,2024-09-10 08:09:01.444021
705,1974,Comment,2024-09-10 08:08:01.444021
722,1968,Share,2024-09-10 08:07:01.444021
266,1617,Comment,2024-09-10 08:06:01.444021
590,1783,Comment,2024-09-10 08:05:01.444021
549,1490,Like,2024-09-10 08:04:01.444021
4,1390,Share,2024-09-10 08:03:01.444021
737,1335,Like,2024-09-10 08:02:01.444021
393,1138,Comment,2024-09-10 08:01:01.444021
862,1507,Comment,2024-09-10 08:00:01.444021
896,1961,Like,2024-09-10 07:59:01.444021
482,1164,Share,2024-09-10 07:58:01.444021
445,1609,Comment,2024-09-10 07:57:01.444021
695,1751,Like,2024-09-10 07:56:01.444021
96,1052,Like,2024-09-10 07:55:01.444021
156,1399,Share,2024-09-10 07:54:01.444021
300,1344,Share,2024-09-10 07:53:01.444021
893,1704,Like,2024-09-10 07:52:01.444021
453,1342,Share,2024-09-10 07:51:01.444021
802,1239,Share,2024-09-10 07:50:01.444021
62,1897,Like,2024-09-10 07:49:01.444021
651,1369,Share,2024-09-10 07:48:01.444021
679,1599,Comment,2024-09-10 07:47:01.444021
700,1112,Comment,2024-09-10 07:46:01.444021
194,1841,Share,2024-09-10 07:45:01.444021
734,1583,Comment,2024-09-10 07:44:01.444021
833,1072,Comment,2024-09-10 07:43:01.444021
933,1322,Share,2024-09-10 07:42:01.444021
867,1232,Share,2024-09-10 07:41:01.444021
67,1527,Comment,2024-09-10 07:40:01.444021
953,1763,Like,2024-09-10 07:39:01.444021
540,1886,Comment,2024-09-10 07:38:01.444021
101,1550,Like,2024-09-10 07:37:01.444021
352,1026,Comment,2024-09-10 07:36:01.444021
723,1868,Like,2024-09-10 07:35:01.444021
597,1980,Share,2024-09-10 07:34:01.444021
442,1065,Share,2024-09-10 07:33:01.444021
334,1946,Share,2024-09-10 07:32:01.444021
10,1536,Share,2024-09-10 07:31:01.444021
906,1121,Comment,2024-09-10 07:30:01.444021
84,1397,Share,2024-09-10 07:29:01.444021
383,1173,Like,2024-09-10 07:28:01.444021
416,1807,Like,2024-09-10 07:27:01.444021
60,1635,Share,2024-09-10 07:26:01.444021
464,1643,Share,2024-09-10 07:25:01.444021
879,1909,Share,2024-09-10 07:24:01.444021
779,1552,Like,2024-09-10 07:23:01.444021
661,1771,Like,2024-09-10 07:22:01.444021
12,1497,Share,2024-09-10 07:21:01.444021
586,1533,Share,2024-09-10 07:20:01.444021
646,1741,Comment,2024-09-10 07:19:01.444021
190,1689,Like,2024-09-10 07:18:01.444021
850,1285,Comment,2024-09-10 07:17:01.444021
7,1355,Share,2024-09-10 07:16:01.444021
4,1130,Comment,2024-09-10 07:15:01.444021
690,1070,Share,2024-09-10 07:14:01.444021
714,1583,Comment,2024-09-10 07:13:01.444021
927,1495,Share,2024-09-10 07:12:01.444021
529,1841,Like,2024-09-10 07:11:01.444021
330,1209,Share,2024-09-10 07:10:01.444021
134,1457,Share,2024-09-10 07:09:01.444021
264,1167,Share,2024-09-10 07:08:01.444021
195,1203,Like,2024-09-10 07:07:01.444021
125,1442,Comment,2024-09-10 07:06:01.444021
984,1365,Share,2024-09-10 07:05:01.444021
777,1260,Comment,2024-09-10 07:04:01.444021
178,1057,Comment,2024-09-10 07:03:01.444021
106,1518,Comment,2024-09-10 07:02:01.444021
801,1035,Like,2024-09-10 07:01:01.444021
470,1706,Comment,2024-09-10 07:00:01.444021
435,1518,Comment,2024-09-10 06:59:01.444021
239,1441,Comment,2024-09-10 06:58:01.444021
594,1607,Like,2024-09-10 06:57:01.444021
854,1032,Comment,2024-09-10 06:56:01.444021
161,1151,Like,2024-09-10 06:55:01.444021
940,1411,Share,2024-09-10 06:54:01.444021
916,1604,Share,2024-09-10 06:53:01.444021
985,1356,Comment,2024-09-10 06:52:01.444021
274,1273,Comment,2024-09-10 06:51:01.444021
935,1763,Share,2024-09-10 06:50:01.444021
816,1781,Comment,2024-09-10 06:49:01.444021
572,1116,Comment,2024-09-10 06:48:01.444021
84,1990,Comment,2024-09-10 06:47:01.444021
298,1540,Comment,2024-09-10 06:46:01.444021
373,1264,Share,2024-09-10 06:45:01.444021
601,1547,Like,2024-09-10 06:44:01.444021
961,1940,Like,2024-09-10 06:43:01.444021
891,1895,Comment,2024-09-10 06:42:01.444021
149,1765,Share,2024-09-10 06:41:01.444021
165,1853,Comment,2024-09-10 06:40:01.444021
620,1458,Share,2024-09-10 06:39:01.444021
789,1926,Share,2024-09-10 06:38:01.444021
147,1956,Like,2024-09-10 06:37:01.444021
848,1599,Comment,2024-09-10 06:36:01.444021
940,1891,Comment,2024-09-10 06:35:01.444021
456,1637,Comment,2024-09-10 06:34:01.444021
929,1819,Share,2024-09-10 06:33:01.444021
457,1109,Like,2024-09-10 06:32:01.444021
664,1126,Share,2024-09-10 06:31:01.444021
712,1419,Like,2024-09-10 06:30:01.444021
790,1244,Share,2024-09-10 06:29:01.444021
388,1400,Share,2024-09-10 06:28:01.444021
147,1164,Share,2024-09-10 06:27:01.444021
649,1264,Like,2024-09-10 06:26:01.444021
224,1933,Comment,2024-09-10 06:25:01.444021
374,1552,Comment,2024-09-10 06:24:01.444021
597,1506,Share,2024-09-10 06:23:01.444021
223,1249,Share,2024-09-10 06:22:01.444021
815,1038,Like,2024-09-10 06:21:01.444021
61,1570,Like,2024-09-10 06:20:01.444021
221,1098,Like,2024-09-10 06:19:01.444021
460,1446,Comment,2024-09-10 06:18:01.444021
298,1911,Like,2024-09-10 06:17:01.444021
263,1686,Share,2024-09-10 06:16:01.444021
905,1847,Comment,2024-09-10 06:15:01.444021
469,1972,Share,2024-09-10 06:14:01.444021
27,1352,Like,2024-09-10 06:13:01.444021
947,1852,Comment,2024-09-10 06:12:01.444021
152,1947,Share,2024-09-10 06:11:01.444021
857,1523,Share,2024-09-10 06:10:01.444021
64,1613,Like,2024-09-10 06:09:01.444021
289,1281,Like,2024-09-10 06:08:01.444021
884,1721,Like,2024-09-10 06:07:01.444021
376,1276,Share,2024-09-10 06:06:01.444021
322,1426,Like,2024-09-10 06:05:01.444021
386,1361,Share,2024-09-10 06:04:01.444021
108,1568,Share,2024-09-10 06:03:01.444021
936,1491,Like,2024-09-10 06:02:01.444021
630,1833,Comment,2024-09-10 06:01:01.444021
616,1979,Comment,2024-09-10 06:00:01.444021
717,1745,Like,2024-09-10 05:59:01.444021
414,1788,Comment,2024-09-10 05:58:01.444021
436,1915,Like,2024-09-10 05:57:01.444021
933,1002,Comment,2024-09-10 05:56:01.444021
196,1006,Comment,2024-09-10 05:55:01.444021
483,1112,Share,2024-09-10 05:54:01.444021
217,1955,Like,2024-09-10 05:53:01.444021
456,1841,Like,2024-09-10 05:52:01.444021
823,1127,Share,2024-09-10 05:51:01.444021
323,1270,Share,2024-09-10 05:50:01.444021
473,1073,Share,2024-09-10 05:49:01.444021
746,1485,Share,2024-09-10 05:48:01.444021
577,1335,Share,2024-09-10 05:47:01.444021
351,1660,Comment,2024-09-10 05:46:01.444021
575,1877,Share,2024-09-10 05:45:01.444021
325,1395,Comment,2024-09-10 05:44:01.444021
702,1982,Comment,2024-09-10 05:43:01.444021
834,1394,Like,2024-09-10 05:42:01.444021
453,1560,Comment,2024-09-10 05:41:01.444021
635,1424,Comment,2024-09-10 05:40:01.444021
109,1828,Comment,2024-09-10 05:39:01.444021
227,1026,Like,2024-09-10 05:38:01.444021
285,1334,Like,2024-09-10 05:37:01.444021
827,1484,Comment,2024-09-10 05:36:01.444021
994,1491,Comment,2024-09-10 05:35:01.444021
198,1371,Share,2024-09-10 05:34:01.444021
585,1886,Comment,2024-09-10 05:33:01.444021
384,1797,Comment,2024-09-10 05:32:01.444021
755,1094,Like,2024-09-10 05:31:01.444021
67,1266,Comment,2024-09-10 05:30:01.444021
509,1606,Share,2024-09-10 05:29:01.444021
773,1008,Share,2024-09-10 05:28:01.444021
208,1099,Comment,2024-09-10 05:27:01.444021
38,1432,Comment,2024-09-10 05:26:01.444021
499,1627,Like,2024-09-10 05:25:01.444021
585,1116,Comment,2024-09-10 05:24:01.444021
9,1122,Like,2024-09-10 05:23:01.444021
506,1608,Share,2024-09-10 05:22:01.444021
310,1291,Comment,2024-09-10 05:21:01.444021
47,1679,Like,2024-09-10 05:20:01.444021
476,1652,Like,2024-09-10 05:19:01.444021
782,1268,Share,2024-09-10 05:18:01.444021
563,1431,Like,2024-09-10 05:17:01.444021
676,1987,Share,2024-09-10 05:16:01.444021
932,1955,Comment,2024-09-10 05:15:01.444021
650,1141,Like,2024-09-10 05:14:01.444021
910,1216,Share,2024-09-10 05:13:01.444021
595,1837,Like,2024-09-10 05:12:01.444021
218,1531,Like,2024-09-10 05:11:01.444021
248,1798,Like,2024-09-10 05:10:01.444021
371,1920,Comment,2024-09-10 05:09:01.444021
213,1973,Share,2024-09-10 05:08:01.444021
84,1155,Share,2024-09-10 05:07:01.444021
163,1221,Share,2024-09-10 05:06:01.444021
8,1302,Like,2024-09-10 05:05:01.444021
708,1237,Share,2024-09-10 05:04:01.444021
917,1941,Comment,2024-09-10 05:03:01.444021
960,1848,Comment,2024-09-10 05:02:01.444021
616,1585,Like,2024-09-10 05:01:01.444021
166,1166,Like,2024-09-10 05:00:01.444021
994,1219,Like,2024-09-10 04:59:01.444021
224,1970,Comment,2024-09-10 04:58:01.444021
571,1660,Comment,2024-09-10 04:57:01.444021
811,1130,Comment,2024-09-10 04:56:01.444021
311,1016,Like,2024-09-10 04:55:01.444021
542,1443,Like,2024-09-10 04:54:01.444021
108,1916,Comment,2024-09-10 04:53:01.444021
742,1006,Share,2024-09-10 04:52:01.444021
129,1926,Like,2024-09-10 04:51:01.444021
324,1123,Share,2024-09-10 04:50:01.444021
637,1248,Comment,2024-09-10 04:49:01.444021
369,1287,Share,2024-09-10 04:48:01.444021
771,1639,Share,2024-09-10 04:47:01.444021
221,1540,Comment,2024-09-10 04:46:01.444021
270,1562,Like,2024-09-10 04:45:01.444021
209,1632,Like,2024-09-10 04:44:01.444021
162,1234,Comment,2024-09-10 04:43:01.444021
917,1449,Comment,2024-09-10 04:42:01.444021
636,1042,Like,2024-09-10 04:41:01.444021
350,1125,Share,2024-09-10 04:40:01.444021
558,1556,Comment,2024-09-10 04:39:01.444021
758,1761,Like,2024-09-10 04:38:01.444021
38,1703,Share,2024-09-10 04:37:01.444021
122,1742,Like,2024-09-10 04:36:01.444021
572,1127,Share,2024-09-10 04:35:01.444021
817,1090,Like,2024-09-10 04:34:01.444021
763,1145,Comment,2024-09-10 04:33:01.444021
831,1953,Comment,2024-09-10 04:32:01.444021
808,1870,Comment,2024-09-10 04:31:01.444021
183,1609,Share,2024-09-10 04:30:01.444021
963,1803,Share,2024-09-10 04:29:01.444021
634,1704,Comment,2024-09-10 04:28:01.444021
749,1725,Comment,2024-09-10 04:27:01.444021
379,1427,Comment,2024-09-10 04:26:01.444021
369,1300,Comment,2024-09-10 04:25:01.444021
718,1476,Share,2024-09-10 04:24:01.444021
70,1182,Like,2024-09-10 04:23:01.444021
687,1062,Like,2024-09-10 04:22:01.444021
387,1614,Comment,2024-09-10 04:21:01.444021
818,1352,Share,2024-09-10 04:20:01.444021
491,1915,Share,2024-09-10 04:19:01.444021
799,1056,Share,2024-09-10 04:18:01.444021
742,1099,Comment,2024-09-10 04:17:01.444021
338,1108,Like,2024-09-10 04:16:01.444021
67,1997,Like,2024-09-10 04:15:01.444021
987,1679,Like,2024-09-10 04:14:01.444021
943,1807,Share,2024-09-10 04:13:01.444021
298,1409,Like,2024-09-10 04:12:01.444021
870,1936,Share,2024-09-10 04:11:01.444021
551,1587,Like,2024-09-10 04:10:01.444021
852,1677,Comment,2024-09-10 04:09:01.444021
884,1215,Comment,2024-09-10 04:08:01.444021
843,1050,Share,2024-09-10 04:07:01.444021
701,1260,Comment,2024-09-10 04:06:01.444021
354,1087,Share,2024-09-10 04:05:01.444021
881,1550,Like,2024-09-10 04:04:01.444021
314,1149,Comment,2024-09-10 04:03:01.444021
417,1997,Comment,2024-09-10 04:02:01.444021
344,1414,Like,2024-09-10 04:01:01.444021
444,1831,Share,2024-09-10 04:00:01.444021
497,1669,Share,2024-09-10 03:59:01.444021
571,1173,Like,2024-09-10 03:58:01.444021
576,1602,Share,2024-09-10 03:57:01.444021
886,1396,Like,2024-09-10 03:56:01.444021
13,1819,Like,2024-09-10 03:55:01.444021
681,1732,Like,2024-09-10 03:54:01.444021
776,1948,Like,2024-09-10 03:53:01.444021
35,1329,Share,2024-09-10 03:52:01.444021
81,1616,Like,2024-09-10 03:51:01.444021
818,1260,Share,2024-09-10 03:50:01.444021
842,1536,Comment,2024-09-10 03:49:01.444021
829,1565,Like,2024-09-10 03:48:01.444021
800,1133,Share,2024-09-10 03:47:01.444021
973,1522,Like,2024-09-10 03:46:01.444021
928,1734,Share,2024-09-10 03:45:01.444021
330,1748,Share,2024-09-10 03:44:01.444021
870,1577,Like,2024-09-10 03:43:01.444021
801,1888,Like,2024-09-10 03:42:01.444021
505,1281,Comment,2024-09-10 03:41:01.444021
785,1393,Like,2024-09-10 03:40:01.444021
978,1079,Like,2024-09-10 03:39:01.444021
697,1916,Comment,2024-09-10 03:38:01.444021
166,1607,Comment,2024-09-10 03:37:01.444021
632,1932,Share,2024-09-10 03:36:01.444021
542,1342,Comment,2024-09-10 03:35:01.444021
71,1014,Like,2024-09-10 03:34:01.444021
933,1395,Comment,2024-09-10 03:33:01.444021
465,1422,Share,2024-09-10 03:32:01.444021
64,1528,Share,2024-09-10 03:31:01.444021
409,1527,Like,2024-09-10 03:30:01.444021
899,1045,Share,2024-09-10 03:29:01.444021
58,1525,Share,2024-09-10 03:28:01.444021
582,1062,Comment,2024-09-10 03:27:01.444021
382,1533,Share,2024-09-10 03:26:01.444021
846,1778,Like,2024-09-10 03:25:01.444021
238,1041,Like,2024-09-10 03:24:01.444021
428,1078,Share,2024-09-10 03:23:01.444021
976,1255,Share,2024-09-10 03:22:01.444021
662,1055,Comment,2024-09-10 03:21:01.444021
506,1210,Share,2024-09-10 03:20:01.444021
874,1544,Comment,2024-09-10 03:19:01.444021
608,1827,Comment,2024-09-10 03:18:01.444021
530,1712,Share,2024-09-10 03:17:01.444021
235,1965,Comment,2024-09-10 03:16:01.444021
370,1415,Share,2024-09-10 03:15:01.444021
655,1583,Like,2024-09-10 03:14:01.444021
80,1912,Share,2024-09-10 03:13:01.444021
727,1932,Share,2024-09-10 03:12:01.444021
130,1160,Like,2024-09-10 03:11:01.444021
369,1369,Comment,2024-09-10 03:10:01.444021
470,1776,Like,2024-09-10 03:09:01.444021
346,1531,Share,2024-09-10 03:08:01.444021
316,1395,Comment,2024-09-10 03:07:01.444021
460,1639,Comment,2024-09-10 03:06:01.444021
407,1609,Like,2024-09-10 03:05:01.444021
934,1407,Share,2024-09-10 03:04:01.444021
385,1991,Share,2024-09-10 03:03:01.444021
862,1769,Comment,2024-09-10 03:02:01.444021
911,1962,Comment,2024-09-10 03:01:01.444021
517,1767,Like,2024-09-10 03:00:01.444021
198,1473,Comment,2024-09-10 02:59:01.444021
757,1249,Like,2024-09-10 02:58:01.444021
301,1001,Like,2024-09-10 02:57:01.444021
788,1637,Share,2024-09-10 02:56:01.444021
781,1248,Share,2024-09-10 02:55:01.444021
360,1979,Comment,2024-09-10 02:54:01.444021
770,1028,Comment,2024-09-10 02:53:01.444021
1,1455,Comment,2024-09-10 02:52:01.444021
509,1256,Like,2024-09-10 02:51:01.444021
950,1450,Like,2024-09-10 02:50:01.444021
895,1390,Like,2024-09-10 02:49:01.444021
341,1305,Like,2024-09-10 02:48:01.444021
339,1965,Comment,2024-09-10 02:47:01.444021
433,1269,Comment,2024-09-10 02:46:01.444021
386,1405,Comment,2024-09-10 02:45:01.444021
804,1850,Comment,2024-09-10 02:44:01.444021
6,1400,Like,2024-09-10 02:43:01.444021
742,1186,Comment,2024-09-10 02:42:01.444021
243,1938,Like,2024-09-10 02:41:01.444021
435,1045,Comment,2024-09-10 02:40:01.444021
723,1509,Like,2024-09-10 02:39:01.444021
583,1012,Like,2024-09-10 02:38:01.444021
96,1694,Comment,2024-09-10 02:37:01.444021
304,1694,Like,2024-09-10 02:36:01.444021
528,1615,Like,2024-09-10 02:35:01.444021
235,1533,Share,2024-09-10 02:34:01.444021
330,1195,Like,2024-09-10 02:33:01.444021
4,1433,Share,2024-09-10 02:32:01.444021
172,1023,Comment,2024-09-10 02:31:01.444021
116,1398,Comment,2024-09-10 02:30:01.444021
993,1871,Comment,2024-09-10 02:29:01.444021
791,1756,Like,2024-09-10 02:28:01.444021
625,1370,Share,2024-09-10 02:27:01.444021
113,1004,Comment,2024-09-10 02:26:01.444021
111,1375,Like,2024-09-10 02:25:01.444021
295,1151,Share,2024-09-10 02:24:01.444021
922,1228,Like,2024-09-10 02:23:01.444021
256,1088,Share,2024-09-10 02:22:01.444021
719,1846,Comment,2024-09-10 02:21:01.444021
82,1680,Like,2024-09-10 02:20:01.444021
663,1025,Share,2024-09-10 02:19:01.444021
551,1662,Comment,2024-09-10 02:18:01.444021
347,1866,Comment,2024-09-10 02:17:01.444021
895,1906,Share,2024-09-10 02:16:01.444021
280,1532,Like,2024-09-10 02:15:01.444021
121,1354,Comment,2024-09-10 02:14:01.444021
316,1680,Like,2024-09-10 02:13:01.444021
73,1929,Comment,2024-09-10 02:12:01.444021
40,1062,Like,2024-09-10 02:11:01.444021
112,1911,Comment,2024-09-10 02:10:01.444021
685,1058,Share,2024-09-10 02:09:01.444021
850,1614,Like,2024-09-10 02:08:01.444021
516,1923,Like,2024-09-10 02:07:01.444021
787,1583,Comment,2024-09-10 02:06:01.444021
988,1361,Like,2024-09-10 02:05:01.444021
521,1480,Comment,2024-09-10 02:04:01.444021
239,1987,Like,2024-09-10 02:03:01.444021
272,1772,Like,2024-09-10 02:02:01.444021
632,1568,Like,2024-09-10 02:01:01.444021
803,1846,Comment,2024-09-10 02:00:01.444021
342,1749,Comment,2024-09-10 01:59:01.444021
634,1307,Comment,2024-09-10 01:58:01.444021
260,1814,Like,2024-09-10 01:57:01.444021
84,1925,Share,2024-09-10 01:56:01.444021
918,1589,Like,2024-09-10 01:55:01.444021
731,1713,Like,2024-09-10 01:54:01.444021
696,1377,Share,2024-09-10 01:53:01.444021
441,1966,Share,2024-09-10 01:52:01.444021
544,1290,Like,2024-09-10 01:51:01.444021
972,1107,Like,2024-09-10 01:50:01.444021
786,1150,Share,2024-09-10 01:49:01.444021
71,1683,Like,2024-09-10 01:48:01.444021
547,1420,Share,2024-09-10 01:47:01.444021
941,1619,Share,2024-09-10 01:46:01.444021
662,1057,Like,2024-09-10 01:45:01.444021
603,1779,Like,2024-09-10 01:44:01.444021
895,1397,Share,2024-09-10 01:43:01.444021
881,1896,Comment,2024-09-10 01:42:01.444021
350,1301,Comment,2024-09-10 01:41:01.444021
294,1335,Share,2024-09-10 01:40:01.444021
323,1946,Like,2024-09-10 01:39:01.444021
639,1455,Share,2024-09-10 01:38:01.444021
118,1385,Share,2024-09-10 01:37:01.444021
933,1327,Comment,2024-09-10 01:36:01.444021
470,1610,Share,2024-09-10 01:35:01.444021
208,1020,Comment,2024-09-10 01:34:01.444021
419,1867,Share,2024-09-10 01:33:01.444021
79,1085,Comment,2024-09-10 01:32:01.444021
63,1902,Share,2024-09-10 01:31:01.444021
523,1197,Comment,2024-09-10 01:30:01.444021
592,1110,Share,2024-09-10 01:29:01.444021
112,1777,Share,2024-09-10 01:28:01.444021
178,1973,Like,2024-09-10 01:27:01.444021
978,1455,Share,2024-09-10 01:26:01.444021
926,1351,Like,2024-09-10 01:25:01.444021
705,1046,Like,2024-09-10 01:24:01.444021
205,1241,Share,2024-09-10 01:23:01.444021
677,1045,Comment,2024-09-10 01:22:01.444021
523,1721,Comment,2024-09-10 01:21:01.444021
243,1871,Share,2024-09-10 01:20:01.444021
160,1436,Share,2024-09-10 01:19:01.444021
796,1333,Like,2024-09-10 01:18:01.444021
206,1966,Comment,2024-09-10 01:17:01.444021
60,1072,Like,2024-09-10 01:16:01.444021
851,1090,Like,2024-09-10 01:15:01.444021
875,1809,Share,2024-09-10 01:14:01.444021
536,1934,Share,2024-09-10 01:13:01.444021
453,1508,Like,2024-09-10 01:12:01.444021
507,1227,Comment,2024-09-10 01:11:01.444021
392,1391,Comment,2024-09-10 01:10:01.444021
300,1370,Comment,2024-09-10 01:09:01.444021
841,1943,Share,2024-09-10 01:08:01.444021
614,1147,Like,2024-09-10 01:07:01.444021
110,1420,Share,2024-09-10 01:06:01.444021
509,1537,Share,2024-09-10 01:05:01.444021
811,1680,Comment,2024-09-10 01:04:01.444021
830,1380,Like,2024-09-10 01:03:01.444021
22,1389,Like,2024-09-10 01:02:01.444021
790,1995,Share,2024-09-10 01:01:01.444021
966,1796,Comment,2024-09-10 01:00:01.444021
810,1937,Comment,2024-09-10 00:59:01.444021
762,1132,Comment,2024-09-10 00:58:01.444021
34,1759,Comment,2024-09-10 00:57:01.444021
358,1315,Like,2024-09-10 00:56:01.444021
601,1548,Share,2024-09-10 00:55:01.444021
297,1085,Share,2024-09-10 00:54:01.444021
744,1977,Comment,2024-09-10 00:53:01.444021
518,1187,Like,2024-09-10 00:52:01.444021
9,1255,Comment,2024-09-10 00:51:01.444021
701,1657,Like,2024-09-10 00:50:01.444021
857,1328,Like,2024-09-10 00:49:01.444021
166,1583,Like,2024-09-10 00:48:01.444021
11,1814,Comment,2024-09-10 00:47:01.444021
400,1057,Like,2024-09-10 00:46:01.444021
673,1978,Comment,2024-09-10 00:45:01.444021
860,1844,Comment,2024-09-10 00:44:01.444021
564,1316,Like,2024-09-10 00:43:01.444021
642,1684,Share,2024-09-10 00:42:01.444021
2,1374,Like,2024-09-10 00:41:01.444021
78,1856,Share,2024-09-10 00:40:01.444021
78,1812,Share,2024-09-10 00:39:01.444021
47,1238,Comment,2024-09-10 00:38:01.444021
631,1859,Comment,2024-09-10 00:37:01.444021
625,1084,Like,2024-09-10 00:36:01.444021
364,1627,Like,2024-09-10 00:35:01.444021
273,1447,Like,2024-09-10 00:34:01.444021
858,1819,Comment,2024-09-10 00:33:01.444021
157,1501,Comment,2024-09-10 00:32:01.444021
276,1583,Like,2024-09-10 00:31:01.444021
587,1498,Comment,2024-09-10 00:30:01.444021
821,1102,Comment,2024-09-10 00:29:01.444021
156,1472,Like,2024-09-10 00:28:01.444021
660,1193,Comment,2024-09-10 00:27:01.444021
613,1077,Comment,2024-09-10 00:26:01.444021
280,1787,Like,2024-09-10 00:25:01.444021
344,1580,Comment,2024-09-10 00:24:01.444021
552,1873,Like,2024-09-10 00:23:01.444021
614,1018,Comment,2024-09-10 00:22:01.444021
100,1621,Like,2024-09-10 00:21:01.444021
495,1787,Share,2024-09-10 00:20:01.444021
506,1273,Like,2024-09-10 00:19:01.444021
241,1225,Comment,2024-09-10 00:18:01.444021
661,1235,Share,2024-09-10 00:17:01.444021
41,1610,Comment,2024-09-10 00:16:01.444021
902,1432,Comment,2024-09-10 00:15:01.444021
458,1219,Comment,2024-09-10 00:14:01.444021
842,1872,Share,2024-09-10 00:13:01.444021
221,1477,Like,2024-09-10 00:12:01.444021
409,1991,Comment,2024-09-10 00:11:01.444021
401,1351,Like,2024-09-10 00:10:01.444021
396,1777,Like,2024-09-10 00:09:01.444021
754,1857,Like,2024-09-10 00:08:01.444021
431,1582,Like,2024-09-10 00:07:01.444021
315,1578,Share,2024-09-10 00:06:01.444021
611,1560,Share,2024-09-10 00:05:01.444021
869,1329,Like,2024-09-10 00:04:01.444021
516,1194,Like,2024-09-10 00:03:01.444021
69,1096,Share,2024-09-10 00:02:01.444021
202,1013,Comment,2024-09-10 00:01:01.444021
723,1300,Share,2024-09-10 00:00:01.444021
671,1102,Share,2024-09-09 23:59:01.444021
948,1861,Comment,2024-09-09 23:58:01.444021
82,1655,Comment,2024-09-09 23:57:01.444021
417,1340,Comment,2024-09-09 23:56:01.444021
344,1265,Like,2024-09-09 23:55:01.444021
213,1491,Share,2024-09-09 23:54:01.444021
173,1063,Like,2024-09-09 23:53:01.444021
558,1566,Comment,2024-09-09 23:52:01.444021
671,1465,Like,2024-09-09 23:51:01.444021
789,1220,Like,2024-09-09 23:50:01.444021
875,1533,Like,2024-09-09 23:49:01.444021
440,1097,Share,2024-09-09 23:48:01.444021
247,1132,Like,2024-09-09 23:47:01.444021
587,1422,Like,2024-09-09 23:46:01.444021
385,1849,Like,2024-09-09 23:45:01.444021
197,1394,Like,2024-09-09 23:44:01.444021
206,1925,Share,2024-09-09 23:43:01.444021
493,1908,Share,2024-09-09 23:42:01.444021
883,1067,Share,2024-09-09 23:41:01.444021
388,1082,Comment,2024-09-09 23:40:01.444021
535,1653,Share,2024-09-09 23:39:01.444021
434,1648,Share,2024-09-09 23:38:01.444021
135,1067,Comment,2024-09-09 23:37:01.444021
748,1182,Share,2024-09-09 23:36:01.444021
607,1304,Comment,2024-09-09 23:35:01.444021
457,1811,Share,2024-09-09 23:34:01.444021
28,1267,Share,2024-09-09 23:33:01.444021
153,1053,Comment,2024-09-09 23:32:01.444021
213,1412,Share,2024-09-09 23:31:01.444021
376,1461,Share,2024-09-09 23:30:01.444021
781,1346,Like,2024-09-09 23:29:01.444021
760,1722,Like,2024-09-09 23:28:01.444021
369,1518,Like,2024-09-09 23:27:01.444021
434,1467,Share,2024-09-09 23:26:01.444021
412,1332,Comment,2024-09-09 23:25:01.444021
840,1140,Like,2024-09-09 23:24:01.444021
568,1753,Share,2024-09-09 23:23:01.444021
661,1275,Share,2024-09-09 23:22:01.444021
762,1122,Like,2024-09-09 23:21:01.444021
529,1317,Like,2024-09-09 23:20:01.444021
91,1290,Share,2024-09-09 23:19:01.444021
966,1102,Like,2024-09-09 23:18:01.444021
335,1482,Comment,2024-09-09 23:17:01.444021
158,1953,Comment,2024-09-09 23:16:01.444021
565,1311,Like,2024-09-09 23:15:01.444021
77,1733,Share,2024-09-09 23:14:01.444021
857,1410,Like,2024-09-09 23:13:01.444021
999,1853,Like,2024-09-09 23:12:01.444021
962,1022,Share,2024-09-09 23:11:01.444021
554,1823,Like,2024-09-09 23:10:01.444021
229,1775,Share,2024-09-09 23:09:01.444021
854,1694,Comment,2024-09-09 23:08:01.444021
492,1259,Comment,2024-09-09 23:07:01.444021
566,1706,Like,2024-09-09 23:06:01.444021
544,1361,Share,2024-09-09 23:05:01.444021
852,1302,Comment,2024-09-09 23:04:01.444021
254,1642,Share,2024-09-09 23:03:01.444021
98,1893,Share,2024-09-09 23:02:01.444021
607,1282,Like,2024-09-09 23:01:01.444021
911,1261,Share,2024-09-09 23:00:01.444021
477,1564,Like,2024-09-09 22:59:01.444021
673,1674,Share,2024-09-09 22:58:01.444021
447,1021,Share,2024-09-09 22:57:01.444021
440,1772,Comment,2024-09-09 22:56:01.444021
161,1863,Share,2024-09-09 22:55:01.444021
637,1463,Like,2024-09-09 22:54:01.444021
30,1863,Share,2024-09-09 22:53:01.444021
932,1550,Share,2024-09-09 22:52:01.444021
513,1598,Share,2024-09-09 22:51:01.444021
314,1189,Share,2024-09-09 22:50:01.444021
781,1339,Like,2024-09-09 22:49:01.444021
867,1819,Like,2024-09-09 22:48:01.444021
908,1730,Like,2024-09-09 22:47:01.444021
730,1881,Comment,2024-09-09 22:46:01.444021
245,1070,Like,2024-09-09 22:45:01.444021
958,1276,Share,2024-09-09 22:44:01.444021
422,1510,Share,2024-09-09 22:43:01.444021
253,1984,Like,2024-09-09 22:42:01.444021
171,1734,Comment,2024-09-09 22:41:01.444021
176,1261,Like,2024-09-09 22:40:01.444021
802,1719,Comment,2024-09-09 22:39:01.444021
651,1037,Comment,2024-09-09 22:38:01.444021
76,1937,Like,2024-09-09 22:37:01.444021
3,1026,Comment,2024-09-09 22:36:01.444021
20,1588,Share,2024-09-09 22:35:01.444021
507,1260,Like,2024-09-09 22:34:01.444021
982,1485,Comment,2024-09-09 22:33:01.444021
208,1484,Comment,2024-09-09 22:32:01.444021
293,1510,Share,2024-09-09 22:31:01.444021
52,1807,Share,2024-09-09 22:30:01.444021
882,1654,Comment,2024-09-09 22:29:01.444021
107,1696,Share,2024-09-09 22:28:01.444021
997,1711,Share,2024-09-09 22:27:01.444021
981,1095,Share,2024-09-09 22:26:01.444021
610,1333,Like,2024-09-09 22:25:01.444021
641,1453,Share,2024-09-09 22:24:01.444021
605,1602,Share,2024-09-09 22:23:01.444021
439,1476,Like,2024-09-09 22:22:01.444021
143,1299,Like,2024-09-09 22:21:01.444021
294,1965,Comment,2024-09-09 22:20:01.444021
705,1538,Comment,2024-09-09 22:19:01.444021
981,1493,Like,2024-09-09 22:18:01.444021
711,1770,Comment,2024-09-09 22:17:01.444021
662,1005,Share,2024-09-09 22:16:01.444021
372,1943,Share,2024-09-09 22:15:01.444021
532,1236,Comment,2024-09-09 22:14:01.444021
25,1405,Like,2024-09-09 22:13:01.444021
796,1905,Comment,2024-09-09 22:12:01.444021
568,1235,Comment,2024-09-09 22:11:01.444021
977,1929,Comment,2024-09-09 22:10:01.444021
313,1803,Like,2024-09-09 22:09:01.444021
318,1983,Comment,2024-09-09 22:08:01.444021
269,1723,Share,2024-09-09 22:07:01.444021
829,1535,Comment,2024-09-09 22:06:01.444021
861,1139,Share,2024-09-09 22:05:01.444021
460,1158,Comment,2024-09-09 22:04:01.444021
745,1901,Like,2024-09-09 22:03:01.444021
95,1033,Like,2024-09-09 22:02:01.444021
551,1617,Comment,2024-09-09 22:01:01.444021
615,1041,Comment,2024-09-09 22:00:01.444021
818,1669,Like,2024-09-09 21:59:01.444021
843,1894,Comment,2024-09-09 21:58:01.444021
989,1482,Comment,2024-09-09 21:57:01.444021
789,1531,Comment,2024-09-09 21:56:01.444021
939,1350,Comment,2024-09-09 21:55:01.444021
415,1887,Comment,2024-09-09 21:54:01.444021
108,1320,Like,2024-09-09 21:53:01.444021
743,1098,Share,2024-09-09 21:52:01.444021
235,1457,Like,2024-09-09 21:51:01.444021
239,1444,Like,2024-09-09 21:50:01.444021
492,1819,Comment,2024-09-09 21:49:01.444021
675,1909,Comment,2024-09-09 21:48:01.444021
615,1646,Like,2024-09-09 21:47:01.444021
721,1904,Comment,2024-09-09 21:46:01.444021
368,1502,Like,2024-09-09 21:45:01.444021
146,1441,Comment,2024-09-09 21:44:01.444021
258,1306,Like,2024-09-09 21:43:01.444021
544,1911,Like,2024-09-09 21:42:01.444021
608,1658,Comment,2024-09-09 21:41:01.444021
19,1412,Like,2024-09-09 21:40:01.444021
630,1609,Like,2024-09-09 21:39:01.444021
534,1180,Like,2024-09-09 21:38:01.444021
542,1631,Like,2024-09-09 21:37:01.444021
25,1628,Like,2024-09-09 21:36:01.444021
838,1154,Like,2024-09-09 21:35:01.444021
451,1766,Share,2024-09-09 21:34:01.444021
722,1525,Like,2024-09-09 21:33:01.444021
284,1169,Share,2024-09-09 21:32:01.444021
265,1583,Share,2024-09-09 21:31:01.444021
744,1134,Comment,2024-09-09 21:30:01.444021
818,1310,Comment,2024-09-09 21:29:01.444021
465,1747,Like,2024-09-09 21:28:01.444021
975,1757,Like,2024-09-09 21:27:01.444021
644,1507,Share,2024-09-09 21:26:01.444021
570,1376,Like,2024-09-09 21:25:01.444021
298,1594,Comment,2024-09-09 21:24:01.444021
548,1825,Share,2024-09-09 21:23:01.444021
301,1728,Like,2024-09-09 21:22:01.444021
464,1977,Comment,2024-09-09 21:21:01.444021
598,1341,Comment,2024-09-09 21:20:01.444021
521,1605,Like,2024-09-09 21:19:01.444021
874,1090,Like,2024-09-09 21:18:01.444021
291,1658,Comment,2024-09-09 21:17:01.444021
255,1795,Like,2024-09-09 21:16:01.444021
72,1144,Like,2024-09-09 21:15:01.444021
566,1597,Comment,2024-09-09 21:14:01.444021
383,1275,Comment,2024-09-09 21:13:01.444021
183,1933,Comment,2024-09-09 21:12:01.444021
546,1227,Comment,2024-09-09 21:11:01.444021
534,1235,Share,2024-09-09 21:10:01.444021
13,1009,Share,2024-09-09 21:09:01.444021
827,1045,Comment,2024-09-09 21:08:01.444021
987,1894,Like,2024-09-09 21:07:01.444021
315,1514,Like,2024-09-09 21:06:01.444021
6,1188,Share,2024-09-09 21:05:01.444021
613,1638,Share,2024-09-09 21:04:01.444021
810,1666,Comment,2024-09-09 21:03:01.444021
588,1974,Share,2024-09-09 21:02:01.444021
924,1947,Comment,2024-09-09 21:01:01.444021
243,1051,Share,2024-09-09 21:00:01.444021
469,1270,Share,2024-09-09 20:59:01.444021
222,1748,Like,2024-09-09 20:58:01.444021
764,1890,Like,2024-09-09 20:57:01.444021
847,1532,Share,2024-09-09 20:56:01.444021
20,1556,Like,2024-09-09 20:55:01.444021
54,1636,Share,2024-09-09 20:54:01.444021
610,1636,Share,2024-09-09 20:53:01.444021
373,1399,Comment,2024-09-09 20:52:01.444021
76,1083,Like,2024-09-09 20:51:01.444021
580,1924,Like,2024-09-09 20:50:01.444021
632,1570,Comment,2024-09-09 20:49:01.444021
663,1275,Share,2024-09-09 20:48:01.444021
772,1399,Comment,2024-09-09 20:47:01.444021
601,1680,Comment,2024-09-09 20:46:01.444021
853,1784,Like,2024-09-09 20:45:01.444021
693,1588,Share,2024-09-09 20:44:01.444021
980,1138,Comment,2024-09-09 20:43:01.444021
478,1600,Comment,2024-09-09 20:42:01.444021
53,1236,Like,2024-09-09 20:41:01.444021
602,1814,Comment,2024-09-09 20:40:01.444021
489,1088,Share,2024-09-09 20:39:01.444021
397,1123,Comment,2024-09-09 20:38:01.444021
239,1420,Like,2024-09-09 20:37:01.444021
491,1622,Comment,2024-09-09 20:36:01.444021
539,1694,Comment,2024-09-09 20:35:01.444021
133,1514,Comment,2024-09-09 20:34:01.444021
299,1832,Comment,2024-09-09 20:33:01.444021
186,1313,Like,2024-09-09 20:32:01.444021
428,1214,Share,2024-09-09 20:31:01.444021
995,1421,Share,2024-09-09 20:30:01.444021
920,1122,Share,2024-09-09 20:29:01.444021
285,1542,Comment,2024-09-09 20:28:01.444021
736,1486,Like,2024-09-09 20:27:01.444021
918,1839,Share,2024-09-09 20:26:01.444021
83,1997,Comment,2024-09-09 20:25:01.444021
556,1517,Like,2024-09-09 20:24:01.444021
814,1589,Comment,2024-09-09 20:23:01.444021
228,1559,Share,2024-09-09 20:22:01.444021
124,1962,Share,2024-09-09 20:21:01.444021
977,1169,Share,2024-09-09 20:20:01.444021
988,1517,Comment,2024-09-09 20:19:01.444021
811,1148,Share,2024-09-09 20:18:01.444021
676,1113,Comment,2024-09-09 20:17:01.444021
632,1613,Share,2024-09-09 20:16:01.444021
474,1454,Like,2024-09-09 20:15:01.444021
155,1931,Comment,2024-09-09 20:14:01.444021
488,1037,Comment,2024-09-09 20:13:01.444021
997,1422,Comment,2024-09-09 20:12:01.444021
919,1930,Share,2024-09-09 20:11:01.444021
361,1574,Like,2024-09-09 20:10:01.444021
313,1992,Comment,2024-09-09 20:09:01.444021
443,1571,Comment,2024-09-09 20:08:01.444021
727,1451,Like,2024-09-09 20:07:01.444021
472,1808,Share,2024-09-09 20:06:01.444021
337,1033,Share,2024-09-09 20:05:01.444021
502,1434,Like,2024-09-09 20:04:01.444021
444,1693,Comment,2024-09-09 20:03:01.444021
131,1204,Like,2024-09-09 20:02:01.444021
42,1310,Share,2024-09-09 20:01:01.444021
987,1005,Like,2024-09-09 20:00:01.444021
274,1522,Like,2024-09-09 19:59:01.444021
999,1156,Like,2024-09-09 19:58:01.444021
230,1450,Comment,2024-09-09 19:57:01.444021
463,1138,Comment,2024-09-09 19:56:01.444021
637,1685,Like,2024-09-09 19:55:01.444021
546,1199,Share,2024-09-09 19:54:01.444021
15,1840,Share,2024-09-09 19:53:01.444021
118,1176,Like,2024-09-09 19:52:01.444021
159,1564,Like,2024-09-09 19:51:01.444021
453,1351,Comment,2024-09-09 19:50:01.444021
189,1282,Share,2024-09-09 19:49:01.444021
170,1052,Comment,2024-09-09 19:48:01.444021
639,1523,Share,2024-09-09 19:47:01.444021
35,1764,Comment,2024-09-09 19:46:01.444021
723,1127,Comment,2024-09-09 19:45:01.444021
855,1347,Like,2024-09-09 19:44:01.444021
925,1476,Like,2024-09-09 19:43:01.444021
819,1303,Share,2024-09-09 19:42:01.444021
845,1699,Comment,2024-09-09 19:41:01.444021
65,1431,Comment,2024-09-09 19:40:01.444021
123,1640,Like,2024-09-09 19:39:01.444021
661,1115,Comment,2024-09-09 19:38:01.444021
